,emp_no,first_name,last_name,birth_date,from_date,to_date,title
1,10095,Hilari,Morton,23745,34403,2958101,Senior Staff
2,10122,Ohad,Esposito,23761,36013,2958101,Technique Leader
3,10291,Dipayan,Seghrouchni,23765,31866,2958101,Staff
4,10476,Kokou,Iisaka,23743,32040,2958101,Staff
5,10663,Teunis,Noriega,23751,36203,2958101,Technique Leader
6,10762,Lech,Himler,23761,33624,2958101,Staff
7,10933,Juyoung,Seghrouchni,23766,34183,2958101,Senior Engineer
8,12155,Keiichiro,Glinert,23763,34228,2958101,Engineer
9,12408,Rasiah,Sudkamp,23752,34807,2958101,Senior Engineer
10,12643,Morrie,Schurmann,23772,36160,2958101,Staff
11,13499,Kazuhiko,Sidou,23758,33482,2958101,Technique Leader
12,14075,Denny,Tchuente,23745,33388,2958101,Assistant Engineer
13,14104,Sudhanshu,Demian,23745,34538,2958101,Senior Staff
14,14127,Magdalena,Cannard,23752,34446,2958101,Engineer
15,14158,Caolyn,Setiz,23764,32910,2958101,Senior Staff
16,14476,Sastry,Marrevee,23761,36428,2958101,Engineer
17,14907,Nakhoon,Luga,23756,31764,2958101,Staff
18,15050,Nikolaos,Kruskal,23760,33224,2958101,Engineer
19,15058,Bouchung,Bugrara,23772,33042,2958101,Senior Staff
20,15413,Arvin,Rabejac,23759,34335,2958101,Engineer
21,16461,Remmert,Schahn,23756,31661,2958101,Senior Staff
22,16528,Gaurav,Swick,23763,35192,2958101,Assistant Engineer
23,17013,Morris,Garigliano,23757,34843,2958101,Senior Staff
24,17206,Berry,DeMori,23744,33965,2958101,Engineer
25,17369,Yaghout,Kenevan,23773,36784,2958101,Engineer
26,17447,Zengping,Boreale,23753,36145,2958101,Staff
27,17731,Gennady,Roison,23758,32848,2958101,Assistant Engineer
28,17970,Filipp,Carrere,23748,32517,2958101,Technique Leader
29,17988,Mabhin,Calkin,23773,32842,2958101,Senior Engineer
30,18021,Adil,Matzke,23749,31905,2958101,Engineer
31,18424,Filipp,Rousseau,23761,34857,2958101,Engineer
32,18583,Stafford,Honglei,23745,36023,2958101,Staff
33,18617,Surveyors,Crouzet,23763,32622,2958101,Staff
34,18810,Taiji,Jarecki,23751,33416,2958101,Senior Engineer
35,19236,Elzbieta,Morris,23766,32336,2958101,Senior Engineer
36,19350,Satoru,Yoshizawa,23761,34420,2958101,Senior Staff
37,19803,Ziva,Kowalchuk,23772,31941,2958101,Engineer
38,20100,Utz,Heuter,23760,31578,2958101,Staff
39,20128,Kazunori,Peak,23765,36385,2958101,Senior Staff
40,20129,Rafael,Skafidas,23752,33325,2958101,Engineer
41,20248,Vidar,Demri,23754,36525,2958101,Staff
42,20313,Candida,Benveniste,23766,36180,2958101,Engineer
43,20500,Christoph,Trystram,23772,34257,2958101,Senior Staff
44,20885,Otmar,Rothenberg,23763,32581,2958101,Engineer
45,21181,Jianhui,Cangellaris,23763,33517,2958101,Engineer
46,21188,Piyush,Danecki,23763,36533,2958101,Engineer
47,21546,Yongmin,Lanteri,23743,37334,2958101,Senior Staff
48,21843,Karsten,Azadmanesh,23751,31380,2958101,Senior Engineer
49,21909,Mohammed,Brizzi,23746,33600,2958101,Senior Staff
50,22185,Huai,Birch,23771,37419,2958101,Assistant Engineer
51,22415,Perla,Jumpertz,23762,34570,2958101,Senior Staff
52,22451,Jasminko,Bresenham,23769,34353,2958101,Staff
53,22455,Barry,Unno,23748,33193,2958101,Senior Staff
54,22926,Manibrata,Genther,23743,32157,2958101,Engineer
55,23396,Hilari,Fairtlough,23744,31761,2958101,Technique Leader
56,24080,Jaana,Perez,23768,35135,2958101,Technique Leader
57,24205,Roddy,Rubsam,23767,34231,2958101,Senior Engineer
58,24377,Lubomir,Wroclawski,23767,34175,2958101,Engineer
59,24394,Zhonghui,Conta,23746,34587,2958101,Staff
60,24553,Anwar,Passafiume,23754,31807,2958101,Senior Staff
61,24571,Cordelia,Gischer,23762,32581,2958101,Engineer
62,25488,Ingmar,Basawa,23761,33551,2958101,Staff
63,26629,Nevin,Rodham,23770,36143,2958101,Senior Staff
64,26671,Jiakeng,Kalorkoti,23763,34693,2958101,Engineer
65,26788,Zongyan,Dalphin,23767,32256,2958101,Engineer
66,27331,Wanqing,Krohm,23761,33260,2958101,Senior Staff
67,27378,Piyawadee,Leppanen,23770,36216,2958101,Senior Staff
68,27620,Shuji,Kandlur,23767,32934,2958101,Senior Engineer
69,27686,Manu,Rosiles,23770,35857,2958101,Senior Staff
70,27699,Falguni,Pezzoli,23757,35422,2958101,Engineer
71,27767,Tooru,Veldwijk,23769,34294,2958101,Staff
72,28193,Xinglin,Mitsuhashi,23771,32491,2958101,Engineer
73,28974,Chenxi,Sundgren,23751,31657,2958101,Senior Engineer
74,28988,Tua,Giveon,23760,36047,2958101,Technique Leader
75,29130,Xumin,Thorensen,23748,35911,2958101,Staff
76,29265,Gilbert,Calkin,23756,32223,2958101,Senior Staff
77,29380,Satoru,Vidal,23772,35917,2958101,Assistant Engineer
78,29418,Valery,Mersereau,23764,35977,2958101,Assistant Engineer
79,29679,Kolar,Steenbeek,23759,31703,2958101,Senior Engineer
80,29782,Jouko,Hellwagner,23771,36822,2958101,Senior Engineer
81,29954,Pranay,Giarratana,23769,33876,2958101,Senior Engineer
82,30007,Kousuke,Vecchio,23766,32927,2958101,Engineer
83,30035,Tetsushi,Conta,23750,34884,2958101,Senior Staff
84,30154,Mayuko,Skafidas,23768,36269,2958101,Technique Leader
85,30182,Leon,Potthoff,23768,31389,2958101,Senior Engineer
86,30465,Randi,Avouris,23770,31609,2958101,Engineer
87,30484,Sailaja,Chvatal,23753,36298,2958101,Staff
88,30695,Gudjon,Majewski,23750,36459,2958101,Senior Engineer
89,30938,Yakkov,Samarati,23748,35713,2958101,Senior Staff
90,31147,Divine,Sidhu,23746,32694,2958101,Senior Staff
91,31188,Leandro,Gist,23754,34003,2958101,Technique Leader
92,31207,Abdelwaheb,Dulin,23772,34186,2958101,Senior Engineer
93,31341,Oksana,Zultner,23743,33320,2958101,Senior Staff
94,31514,Harngdar,Schapire,23755,35378,2958101,Engineer
95,31568,Mark,Lalonde,23752,35393,2958101,Staff
96,31909,Murthy,Peek,23752,36829,2958101,Engineer
97,32347,Terresa,Peres,23750,33131,2958101,Senior Staff
98,32552,Atreye,Stanger,23759,34222,2958101,Engineer
99,32649,Ingmar,Nannarelli,23754,32304,2958101,Senior Staff
100,32714,Radoslaw,Maliniak,23758,37152,2958101,Staff
101,32844,Tadahiko,Melton,23765,34706,2958101,Engineer
102,33025,Jessie,Thorelli,23754,36510,2958101,Senior Staff
103,33215,Steen,Fasbender,23771,34014,2958101,Technique Leader
104,33722,Anwar,Collette,23757,36925,2958101,Senior Engineer
105,34077,Angel,Sichman,23750,32463,2958101,Senior Staff
106,34261,Kyoichi,Callaway,23747,33237,2958101,Senior Staff
107,34446,Chinhyun,Bauknecht,23773,31765,2958101,Senior Engineer
108,34452,Naftaly,Foong,23750,33368,2958101,Senior Engineer
109,34505,Felicidad,Kumaresan,23770,34583,2958101,Senior Staff
110,34533,Erzsebet,Shigei,23752,34715,2958101,Senior Engineer
111,34780,Moni,Kohling,23758,37152,2958101,Staff
112,34788,Ennio,Babu,23769,34577,2958101,Senior Engineer
113,34936,Bokyung,Stamatiou,23754,33281,2958101,Technique Leader
114,35044,Jiang,Waschkowski,23746,32655,2958101,Engineer
115,35087,Leif,Ashish,23759,34621,2958101,Staff
116,35441,Chandrasekaran,Peek,23773,33133,2958101,Senior Engineer
117,35642,Ashish,Talmon,23772,36219,2958101,Senior Engineer
118,35793,Oscar,Kusalik,23743,33369,2958101,Senior Staff
119,35798,Ulf,Oberman,23771,35504,2958101,Senior Engineer
120,36521,Serif,Gladwell,23763,31842,2958101,Staff
121,36626,Fen,Genin,23744,31541,2958101,Senior Staff
122,36733,Uma,Reinhard,23746,35735,2958101,Staff
123,36844,Hailing,Levergood,23743,36537,2958101,Staff
124,36982,Kotesh,Rajala,23764,33778,2958101,Engineer
125,37070,Jeong,Undy,23764,31091,2958101,Staff
126,37945,Suzette,Butterworth,23744,34384,2958101,Senior Engineer
127,38043,Michaela,Randi,23747,31374,2958101,Senior Engineer
128,38103,Masasuke,Babu,23754,32233,2958101,Senior Engineer
129,38168,Fumiko,Deverell,23756,32004,2958101,Senior Staff
130,38550,JoAnne,Baez,23756,31824,2958101,Senior Engineer
131,38593,Huei,Orsini,23756,31567,2958101,Senior Engineer
132,38947,Shuichi,Ruemmler,23767,35893,2958101,Senior Staff
133,39000,Martijn,Vendrig,23750,35492,2958101,Senior Staff
134,39036,Changho,Cappelli,23750,35189,2958101,Staff
135,39301,Rimon,Kawashima,23749,33640,2958101,Senior Staff
136,39341,Mahmut,Lampe,23743,31178,2958101,Engineer
137,39952,Otmar,Sudbeck,23744,35998,2958101,Staff
138,40269,Toshiki,Ghazalie,23752,33577,2958101,Senior Staff
139,40283,Sudhanshu,Boissier,23749,31178,2958101,Engineer
140,40301,Spyrose,Felder,23762,35723,2958101,Senior Engineer
141,40536,Harngdar,Bernardinello,23762,32202,2958101,Engineer
142,40765,Michaela,Ramsak,23743,33959,2958101,Staff
143,40773,Shimshon,Aingworth,23751,31515,2958101,Senior Staff
144,40983,Marla,Cherinka,23759,31747,2958101,Technique Leader
145,41114,Petter,Thummel,23767,35057,2958101,Technique Leader
146,41137,Bikash,Buchter,23762,35072,2958101,Staff
147,41357,Willard,Vernadat,23748,35493,2958101,Engineer
148,41518,Keung,Schapiro,23753,36930,2958101,Senior Engineer
149,41520,Xiong,Uhrik,23762,32223,2958101,Senior Engineer
150,41609,Yucai,Simmen,23746,32063,2958101,Senior Staff
151,42778,Shuji,Remmers,23761,32129,2958101,Senior Staff
152,42911,Brigham,Eterovic,23771,34615,2958101,Engineer
153,42950,Shaleah,Eickenmeyer,23764,34251,2958101,Senior Staff
154,42955,Yucel,Lortz,23754,34751,2958101,Engineer
155,43154,Maha,Waterhouse,23755,35615,2958101,Staff
156,43733,Huei,Boguraev,23768,34334,2958101,Senior Staff
157,43848,Phillip,Oxenboll,23753,36306,2958101,Engineer
158,44054,Alenka,Ritcey,23760,35470,2958101,Engineer
159,44265,Maria,Eppinger,23766,35460,2958101,Engineer
160,44540,Mingzeng,Sadowski,23758,32824,2958101,Senior Engineer
161,44900,Mark,Schwaller,23747,34556,2958101,Senior Staff
162,44959,Volkmar,Uhrik,23763,32158,2958101,Engineer
163,44962,Sariel,Wynblatt,23758,35203,2958101,Assistant Engineer
164,45162,Dulce,Speel,23753,32069,2958101,Senior Engineer
165,46000,Zhaofang,Penn,23768,35635,2958101,Senior Staff
166,46328,Wuxu,Trogemann,23747,35457,2958101,Senior Staff
167,46811,Junsik,Berendt,23752,32260,2958101,Senior Engineer
168,46834,Tooru,Daescu,23764,35874,2958101,Senior Staff
169,46943,Pasqua,Maraist,23773,34309,2958101,Engineer
170,47016,Toong,Litecky,23745,32568,2958101,Senior Staff
171,47139,Marco,Usdin,23767,35367,2958101,Engineer
172,47262,Gonzalo,Binkley,23752,31275,2958101,Engineer
173,47515,Naraig,Jenevein,23768,31795,2958101,Senior Engineer
174,47702,Juyoung,Vieri,23763,33462,2958101,Senior Staff
175,47708,Edwin,Haldar,23747,34892,2958101,Senior Staff
176,48275,Sariel,Massonet,23771,32101,2958101,Staff
177,48690,Hitomi,Schaap,23754,36430,2958101,Staff
178,48882,Leen,Lamparter,23770,34127,2958101,Senior Engineer
179,48904,Yuichiro,Malabarba,23765,34400,2958101,Senior Staff
180,48947,Filipp,Akaboshi,23747,33744,2958101,Senior Staff
181,49010,Kazuhisa,Benantar,23758,32962,2958101,Staff
182,49017,Filipp,Flanders,23749,33203,2958101,Senior Engineer
183,49119,Lena,Peek,23751,33374,2958101,Senior Engineer
184,49177,Tze,Bach,23745,36228,2958101,Engineer
185,49464,Siddarth,Cappelletti,23756,36413,2958101,Staff
186,49477,Baocai,Leaver,23756,36012,2958101,Senior Staff
187,50293,Xinan,Rindone,23768,35346,2958101,Engineer
188,50311,Mooi,Stafford,23766,35344,2958101,Senior Engineer
189,50453,Aron,Harbusch,23754,35705,2958101,Staff
190,50670,Boguslaw,Snedden,23772,31098,2958101,Senior Staff
191,50831,Marie,Khalid,23748,35227,2958101,Senior Engineer
192,51036,Chriss,Fasbender,23771,34842,2958101,Staff
193,51057,Theirry,Albarhamtoshy,23771,33508,2958101,Senior Staff
194,51060,Youngkon,Rohrbach,23757,32801,2958101,Engineer
195,51142,Rosine,Lakshmanan,23771,31443,2958101,Senior Engineer
196,52038,Chikako,Armand,23755,31185,2958101,Senior Engineer
197,52040,Phule,Heijenga,23756,35407,2958101,Staff
198,52283,Trygve,Krupka,23762,34404,2958101,Staff
199,52386,Adas,Denti,23770,31562,2958101,Staff
200,52590,Jouni,Munoz,23763,35345,2958101,Staff
201,52599,Augustine,Mungall,23767,34347,2958101,Senior Engineer
202,52639,Arup,Colorni,23751,35100,2958101,Senior Staff
203,52770,Shugo,Yurek,23773,33844,2958101,Staff
204,52778,Alain,Penn,23757,31535,2958101,Technique Leader
205,52956,Khalil,Picci,23773,36123,2958101,Senior Engineer
206,52970,Lobel,Werthner,23764,32219,2958101,Senior Engineer
207,53278,Premsyl,Lortz,23773,34001,2958101,Staff
208,53314,Eberhardt,Carrera,23748,36214,2958101,Staff
209,53431,Sham,Vasanthakumar,23754,34113,2958101,Senior Staff
210,53499,Zdislav,Mandelberg,23762,34588,2958101,Senior Engineer
211,53597,Jiafu,Marchegay,23772,31108,2958101,Senior Engineer
212,53874,Bodo,Schade,23765,31457,2958101,Staff
213,53924,Arnould,Gaughan,23769,33261,2958101,Senior Engineer
214,54198,Shaowen,Segond,23743,31418,2958101,Senior Engineer
215,54632,Etsuo,Serot,23761,32673,2958101,Senior Staff
216,54795,Sumant,Nergos,23771,34395,2958101,Senior Staff
217,54800,Breannda,Cangellaris,23755,36552,2958101,Staff
218,55640,Adit,Syrotiuk,23767,34166,2958101,Senior Engineer
219,55687,Shih,Lindqvist,23744,34787,2958101,Senior Engineer
220,55799,Jianwen,Litzler,23765,31945,2958101,Senior Engineer
221,55857,Adin,Scallan,23760,32035,2958101,Staff
222,56105,Makato,Remmers,23753,32614,2958101,Senior Engineer
223,56209,Remzi,Douceur,23761,33939,2958101,Senior Engineer
224,56415,Sigeru,Nivat,23772,33535,2958101,Staff
225,56428,Olivera,Hanabata,23769,31726,2958101,Staff
226,56682,Roded,Picco,23770,34279,2958101,Assistant Engineer
227,56829,Nagui,Gruenwald,23751,35595,2958101,Engineer
228,56847,Menkae,Chinin,23756,36034,2958101,Senior Engineer
229,57934,Sanjoy,Boudaillier,23767,32869,2958101,Senior Engineer
230,58141,Bezalel,Karner,23747,34604,2958101,Staff
231,58147,Shigenori,Sullins,23751,32197,2958101,Senior Staff
232,58384,Mariusz,Vural,23764,34287,2958101,Senior Engineer
233,58454,Ziya,Zambonelli,23767,36340,2958101,Engineer
234,58497,Yechiam,Cairo,23764,36820,2958101,Senior Staff
235,58819,Gennady,Liesche,23746,32113,2958101,Senior Staff
236,58990,Palash,Trelles,23746,36117,2958101,Engineer
237,59195,Ronnie,Pollock,23750,33043,2958101,Technique Leader
238,59640,Zita,Hiltgen,23760,36186,2958101,Staff
239,59869,Zsolt,Riefers,23774,32045,2958101,Senior Staff
240,59966,Steen,Salvesen,23770,34003,2958101,Technique Leader
241,60000,Heekeun,Emmart,23758,34965,2958101,Engineer
242,60091,Surveyors,Bade,23774,32974,2958101,Staff
243,60238,Erzsebet,Claffy,23765,36210,2958101,Staff
244,60559,Jeanna,Stemann,23761,32384,2958101,Engineer
245,60821,Moty,Mersereau,23744,33484,2958101,Staff
246,60845,Bedir,Siegrist,23756,35563,2958101,Engineer
247,60875,Rildo,Masaki,23763,32887,2958101,Senior Engineer
248,60959,Tetsushi,Sridhar,23751,32800,2958101,Staff
249,61147,Leszek,Werthner,23772,36222,2958101,Staff
250,61253,Cheong,Uhrik,23751,37385,2958101,Engineer
251,61377,Dannz,Ohori,23743,35533,2958101,Staff
252,61541,Kasidit,Papsdorf,23750,34198,2958101,Senior Engineer
253,61873,Woody,Rusmann,23761,34026,2958101,Engineer
254,62033,Heeju,Cappelli,23766,31792,2958101,Engineer
255,62046,Karlis,Nanard,23773,33866,2958101,Engineer
256,62245,Adel,Bressoud,23743,34941,2958101,Engineer
257,63294,Tetsushi,Tanemo,23765,35490,2958101,Engineer
258,63419,Hiroyasu,Seuren,23756,32572,2958101,Senior Engineer
259,63441,Hinrich,Scallan,23757,36254,2958101,Staff
260,63566,Heekeun,Slaats,23773,36172,2958101,Senior Staff
261,63631,Falguni,Cherinka,23764,32065,2958101,Senior Engineer
262,63706,Sedat,Itzigehl,23768,35642,2958101,Engineer
263,64023,Laurentiu,Benzmuller,23753,36472,2958101,Senior Engineer
264,64209,Golgen,Schoegge,23766,32199,2958101,Senior Staff
265,64487,Tsutomu,Rebaine,23769,31672,2958101,Engineer
266,64532,Atilio,Segond,23765,33206,2958101,Engineer
267,64632,Zsolt,Brender,23749,35116,2958101,Senior Staff
268,64790,Shin,Piveteau,23771,31156,2958101,Engineer
269,64828,Krister,Pappas,23769,36433,2958101,Staff
270,64984,Eldridge,Eldridge,23748,34550,2958101,Engineer
271,65171,Jeane,Tasistro,23767,34521,2958101,Technique Leader
272,65539,Aksel,Picaronny,23765,33265,2958101,Senior Engineer
273,65883,Patricia,Pepe,23749,33347,2958101,Staff
274,65998,Mandell,Alameldin,23751,32606,2958101,Senior Staff
275,66382,Domenico,Candan,23746,35624,2958101,Engineer
276,66530,Dung,Leaver,23771,35889,2958101,Staff
277,66643,Jianhao,Tomescu,23760,35303,2958101,Engineer
278,66702,Deniz,Thibadeau,23774,34604,2958101,Engineer
279,66757,Yonghong,Baig,23758,36260,2958101,Staff
280,66807,Aiman,Rosaz,23763,33015,2958101,Engineer
281,67320,Sadok,Lorys,23760,31907,2958101,Senior Staff
282,67548,Fumitaka,Roohalamini,23753,35973,2958101,Staff
283,67934,Aiman,Gargeya,23749,31113,2958101,Engineer
284,68416,Munenori,Debuse,23769,33185,2958101,Senior Engineer
285,68608,Yucai,Seghrouchni,23768,32668,2958101,Senior Engineer
286,68633,Chinhyun,Rassart,23770,34179,2958101,Senior Engineer
287,68648,Jaques,DiGiano,23767,33695,2958101,Technique Leader
288,69052,Shietung,Shrader,23768,34916,2958101,Senior Staff
289,69219,Shuky,Redmiles,23751,34657,2958101,Senior Staff
290,69867,Miyeon,Rothe,23764,33337,2958101,Staff
291,69878,Chinya,Cooke,23766,35459,2958101,Engineer
292,69936,Lalit,Unni,23765,36191,2958101,Assistant Engineer
293,70469,Tru,Miyakawa,23754,33119,2958101,Senior Staff
294,70990,Arumugam,Nitta,23764,32955,2958101,Senior Engineer
295,71066,Domenick,Basart,23769,35069,2958101,Senior Staff
296,71141,Sajjad,Vitiello,23744,33651,2958101,Senior Staff
297,71188,Pranjal,Schapiro,23744,31760,2958101,Staff
298,71243,Kinh,Buchter,23752,31500,2958101,Senior Engineer
299,71334,Cathie,Peck,23757,36954,2958101,Engineer
300,71685,Kristinn,Olano,23743,32784,2958101,Senior Engineer
301,71710,Hitomi,Takanami,23773,35779,2958101,Assistant Engineer
302,71745,Adil,Laventhal,23744,33737,2958101,Assistant Engineer
303,72190,Sajjad,Waeselynck,23761,36416,2958101,Engineer
304,72194,Feiyu,Siepmann,23768,36069,2958101,Senior Engineer
305,72232,Naraig,Veldwijk,23752,32699,2958101,Engineer
306,72640,Honglan,Hutton,23766,34246,2958101,Senior Engineer
307,72918,Takahira,Szilard,23764,32158,2958101,Staff
308,73076,Froduald,Feldhoffer,23764,34044,2958101,Senior Engineer
309,73233,Shigeo,Merey,23757,31258,2958101,Senior Engineer
310,73516,Qingxiang,Badache,23756,32684,2958101,Senior Engineer
311,73743,Anneke,Bernardeschi,23757,36814,2958101,Engineer
312,74200,Holgard,Weiland,23758,33505,2958101,Senior Engineer
313,74344,Hiroyasu,Provine,23774,34663,2958101,Engineer
314,74668,Masako,Bonifati,23743,31876,2958101,Senior Staff
315,74800,Yuuichi,Conde,23767,32575,2958101,Assistant Engineer
316,75354,Shuky,Jakobus,23753,31579,2958101,Engineer
317,75703,Kyoichi,Erman,23750,35271,2958101,Senior Engineer
318,76189,Kolar,Hinsberger,23744,31705,2958101,Senior Engineer
319,76201,Arif,Preusig,23752,33696,2958101,Senior Engineer
320,76640,Tristan,Mitsuhashi,23744,34528,2958101,Engineer
321,77030,Faiza,Garnham,23744,31473,2958101,Technique Leader
322,77303,Xinglin,Birge,23760,33668,2958101,Staff
323,77647,Niranjan,Schaaf,23749,32817,2958101,Technique Leader
324,77815,Ronghao,Picaronny,23763,34129,2958101,Assistant Engineer
325,78106,Ashish,Ratnaker,23751,36542,2958101,Senior Staff
326,78363,Susumu,Fritzsche,23745,35969,2958101,Engineer
327,78469,Leucio,Cappelli,23770,35664,2958101,Staff
328,78871,Conor,Ghandeharizadeh,23757,31192,2958101,Senior Engineer
329,79043,Katsuo,Hockney,23766,36471,2958101,Technique Leader
330,79171,Guiseppe,Ellozy,23761,33250,2958101,Senior Engineer
331,79310,Jeong,Cunliffe,23766,35365,2958101,Senior Staff
332,79606,Arnd,Peir,23745,31757,2958101,Senior Engineer
333,79763,Sanjoy,Barreiro,23762,32242,2958101,Staff
334,79895,Fei,Murtagh,23772,31431,2958101,Senior Staff
335,80067,Kazuhisa,Weiland,23761,31360,2958101,Senior Staff
336,80203,Shakhar,Baik,23764,34304,2958101,Staff
337,80432,Stella,Figueira,23759,32946,2958101,Staff
338,80731,Shaowen,Eldridge,23767,32116,2958101,Senior Staff
339,80850,Koldo,Luit,23774,34805,2958101,Senior Engineer
340,80889,Shigeo,Linnainmaa,23749,31258,2958101,Senior Engineer
341,80948,Harjit,Bardell,23769,33382,2958101,Engineer
342,81105,Jaewon,Boissier,23756,33748,2958101,Senior Engineer
343,81545,Larisa,Kornyak,23755,36563,2958101,Technique Leader
344,81644,Divine,Ghandeharizadeh,23747,35762,2958101,Staff
345,81995,Sreekrishna,Brender,23752,32954,2958101,Senior Engineer
346,82069,Yechezkel,Perfilyeva,23762,34641,2958101,Senior Engineer
347,82098,Poornachandra,Wilharm,23767,33348,2958101,Senior Engineer
348,82351,Stevo,Thambidurai,23768,32808,2958101,Senior Staff
349,82511,Uwe,Koblick,23769,35889,2958101,Engineer
350,82919,Shigeu,Claffy,23747,36148,2958101,Engineer
351,82928,Alselm,Rikino,23769,33193,2958101,Engineer
352,83280,Francesca,Ellozy,23749,36380,2958101,Senior Engineer
353,83289,Shigeichiro,Engelmann,23751,34343,2958101,Senior Engineer
354,83509,Breannda,Collavizza,23746,32793,2958101,Senior Engineer
355,83544,Leaf,Baak,23760,34582,2958101,Senior Staff
356,83714,Ohad,Kilgore,23769,36809,2958101,Engineer
357,83805,Manohar,Harllee,23765,31847,2958101,Senior Engineer
358,83941,Zsolt,Hagimont,23753,35346,2958101,Staff
359,84029,Babette,Eugenio,23769,35694,2958101,Staff
360,84179,Shuichi,Nanard,23767,32581,2958101,Senior Engineer
361,84236,Eberhardt,Barriga,23760,31932,2958101,Senior Staff
362,84315,Kristina,Baumann,23765,35334,2958101,Assistant Engineer
363,84451,Shiv,Aumann,23762,35960,2958101,Senior Engineer
364,84508,Tommaso,Vidya,23759,35917,2958101,Engineer
365,84840,Sverrir,Neimat,23756,35372,2958101,Staff
366,84922,Parke,Unno,23764,35247,2958101,Engineer
367,84942,Shin,Fujisaki,23757,32196,2958101,Technique Leader
368,85216,Ferdinand,Rosiles,23760,35619,2958101,Senior Staff
369,85288,Younwoo,Luders,23748,36137,2958101,Senior Engineer
370,85414,Chiradeep,Callaway,23756,36371,2958101,Staff
371,85445,Yongdong,Pollock,23751,35871,2958101,Staff
372,85702,Udi,Merks,23746,35657,2958101,Engineer
373,85874,Pasqua,Taubman,23772,31586,2958101,Senior Staff
374,86213,Kristine,Clemencon,23770,34121,2958101,Senior Staff
375,86354,Ronghao,Segond,23769,34225,2958101,Senior Engineer
376,86422,Jaewon,Thummel,23774,31304,2958101,Senior Staff
377,86546,Oldrich,Woycyznski,23751,31182,2958101,Engineer
378,86655,Zhenhua,Lorys,23743,34932,2958101,Engineer
379,86672,JoAnne,Anido,23757,34957,2958101,Staff
380,87129,Keung,Neiman,23758,35533,2958101,Staff
381,87353,Quingbo,Coombs,23749,36177,2958101,Senior Engineer
382,87714,Khun,Janetzko,23758,32764,2958101,Assistant Engineer
383,87729,Yongmin,Roccetti,23766,31756,2958101,Staff
384,87783,Conor,Thorensen,23768,32197,2958101,Senior Engineer
385,88103,Goo,Bresenham,23751,36191,2958101,Senior Staff
386,88411,Lena,Cannane,23773,36553,2958101,Engineer
387,88422,Jungsoon,Birsak,23770,31140,2958101,Technique Leader
388,88647,Vasiliy,Ratnaker,23752,34920,2958101,Engineer
389,88958,Vojin,Coombs,23764,34903,2958101,Staff
390,88965,Mang,Hedayat,23762,34841,2958101,Engineer
391,89048,Otmar,Birjandi,23766,31129,2958101,Senior Engineer
392,89090,Tetsushi,Theuretzbacher,23768,32905,2958101,Staff
393,89161,Conal,Yetto,23749,33250,2958101,Senior Staff
394,89207,Along,Erol,23757,33893,2958101,Senior Staff
395,89346,Mansur,Comyn,23755,36403,2958101,Engineer
396,89590,Guther,Rothenberg,23769,33458,2958101,Senior Staff
397,89664,Pranjal,Rossi,23762,35983,2958101,Staff
398,89680,Aiman,Mawatari,23769,32264,2958101,Senior Engineer
399,89806,Xiadong,Shinomoto,23769,35574,2958101,Senior Engineer
400,89922,Alexius,Ibel,23768,32257,2958101,Senior Engineer
401,89941,Arnould,Weedman,23765,32717,2958101,Senior Staff
402,90077,Vivian,Guerreiro,23766,33427,2958101,Engineer
403,90084,Renny,Bale,23743,32834,2958101,Engineer
404,90211,Bader,Denis,23757,35709,2958101,Engineer
405,90292,Koichi,Assaf,23751,33019,2958101,Senior Engineer
406,90518,Fumiko,Chepyzhov,23766,32170,2958101,Senior Staff
407,90614,Yonghoan,Trogemann,23771,32409,2958101,Assistant Engineer
408,90692,Rajmohan,DasSarma,23745,31304,2958101,Senior Staff
409,91172,Kazuhisa,Melter,23761,31974,2958101,Senior Staff
410,91182,Lucien,Schwartzburd,23746,32380,2958101,Engineer
411,91229,Yahiko,Hebden,23743,35341,2958101,Engineer
412,91256,Gunilla,Milicic,23755,35804,2958101,Staff
413,91333,Lobel,Stafford,23769,36128,2958101,Staff
414,91415,Jamaludin,Nilsson,23746,31792,2958101,Staff
415,91648,Dmitry,Msuda,23771,32438,2958101,Staff
416,92438,Aria,Kilgore,23746,33705,2958101,Senior Engineer
417,92454,Visit,McFarlan,23766,32072,2958101,Engineer
418,92577,Zhanqiu,Farrow,23748,36170,2958101,Assistant Engineer
419,92598,Ranga,Merro,23760,35196,2958101,Assistant Engineer
420,92685,Mang,Atchley,23768,34857,2958101,Senior Staff
421,92841,Claude,Candan,23764,34185,2958101,Senior Staff
422,92846,Anyuan,Kropatsch,23753,31660,2958101,Senior Staff
423,92920,Huei,Hutter,23762,33997,2958101,Engineer
424,93040,Jaques,Kabayashi,23761,33676,2958101,Senior Engineer
425,93220,Richara,Walston,23753,35304,2958101,Senior Engineer
426,93278,Magdalena,Penn,23774,35434,2958101,Engineer
427,93549,Arie,Coullard,23774,36613,2958101,Staff
428,93600,Kristina,Neimat,23755,32251,2958101,Technique Leader
429,94331,Ramzi,Cronau,23768,36406,2958101,Technique Leader
430,94416,Aran,Cesareni,23743,37215,2958101,Senior Staff
431,94761,Hitofumi,Zaccaria,23769,32469,2958101,Senior Engineer
432,94944,Heping,Matheson,23755,32318,2958101,Engineer
433,95181,Yishai,Cappelli,23770,35460,2958101,Staff
434,95286,Kristin,Guerreiro,23760,32743,2958101,Senior Engineer
435,95314,Rasiah,Koblick,23764,33471,2958101,Senior Staff
436,95406,Alair,Lyonns,23750,35623,2958101,Engineer
437,95416,Gianluca,Ramaiah,23755,34302,2958101,Engineer
438,95509,Kristinn,Loncour,23753,34738,2958101,Engineer
439,95920,Nobuyoshi,Hegner,23761,34584,2958101,Senior Staff
440,96571,Kokou,Garrabrants,23755,35739,2958101,Senior Engineer
441,96579,Mohan,Tasistro,23760,35105,2958101,Engineer
442,96767,Arumugam,Vecchio,23749,31273,2958101,Senior Engineer
443,97018,Jeanna,Chinen,23751,32509,2958101,Senior Engineer
444,97623,Haldon,Janetzko,23767,33127,2958101,Senior Staff
445,97661,Avishai,Hegner,23773,34097,2958101,Staff
446,98288,Sumali,Huttel,23754,32763,2958101,Staff
447,98306,Ziya,Kadhim,23758,36335,2958101,Senior Engineer
448,98639,Florina,Assaf,23771,35203,2958101,Staff
449,99057,Shugo,Reeken,23772,36332,2958101,Staff
450,99373,Xiaobin,Christianini,23755,31406,2958101,Staff
451,99377,Carrsten,Francisci,23760,33405,2958101,Senior Engineer
452,99590,Dhritiman,Anily,23766,36145,2958101,Staff
453,99654,Mahendra,Motley,23772,31318,2958101,Senior Staff
454,100865,Hisao,Peral,23761,33149,2958101,Engineer
455,100916,Heejo,Aamodt,23760,33716,2958101,Senior Engineer
456,101487,Abdelaziz,Sury,23756,33269,2958101,Senior Staff
457,101647,Mori,Homond,23764,34464,2958101,Staff
458,101902,Mantis,Millington,23756,33315,2958101,Staff
459,102620,Adin,Templeman,23745,36384,2958101,Engineer
460,103196,Djenana,Albarhamtoshy,23758,32340,2958101,Senior Staff
461,103310,Visit,Swen,23749,34974,2958101,Senior Staff
462,103316,Susanne,Peternell,23745,34542,2958101,Engineer
463,103342,Beshir,Hellwagner,23745,35829,2958101,Engineer
464,103756,Heping,Halloran,23773,33702,2958101,Assistant Engineer
465,104133,Pranjal,Zyda,23773,33422,2958101,Senior Staff
466,104845,Werner,Lodder,23771,33772,2958101,Staff
467,104988,Parviz,Litzler,23749,33824,2958101,Engineer
468,105342,Kwun,Reeker,23743,36370,2958101,Technique Leader
469,105356,Diederik,Matzov,23771,34766,2958101,Senior Engineer
470,105432,Mohamadou,Stafford,23750,34954,2958101,Senior Engineer
471,105520,Haldun,Lienhardt,23743,31806,2958101,Senior Staff
472,105731,Sachem,Cromarty,23757,33105,2958101,Assistant Engineer
473,106096,Naftali,Schurmann,23756,33940,2958101,Senior Engineer
474,106242,Nevio,Thisen,23774,32227,2958101,Senior Staff
475,106695,Lijie,Garrabrants,23773,32442,2958101,Senior Staff
476,106710,Babette,Anandan,23773,31738,2958101,Staff
477,107486,Siamak,Luiz,23765,31819,2958101,Senior Engineer
478,107737,Fabrizio,Chleq,23765,36372,2958101,Senior Engineer
479,107792,Shahab,Crooks,23755,33681,2958101,Senior Staff
480,107828,Ramya,Walston,23768,32542,2958101,Staff
481,108091,Hisao,Ghemri,23751,31365,2958101,Staff
482,108198,Randi,Samarati,23766,33897,2958101,Senior Staff
483,108316,Shai,Stellhorn,23744,33745,2958101,Senior Engineer
484,108988,Oksana,Baek,23761,32709,2958101,Senior Staff
485,109062,Jamaludin,Kandlur,23774,33774,2958101,Senior Engineer
486,109211,Gor,Delgrande,23753,37425,2958101,Engineer
487,109252,Moty,Winter,23757,33356,2958101,Technique Leader
488,109278,Bangqing,Schach,23763,32224,2958101,Senior Staff
489,109552,Menkae,Etalle,23773,35571,2958101,Assistant Engineer
490,109598,Stamatina,Auyong,23774,32329,2958101,Senior Staff
491,109620,Mani,Cannata,23744,32680,2958101,Senior Staff
492,109703,Arco,Walston,23759,36388,2958101,Engineer
493,109741,Hatem,Fadgyas,23753,33555,2958101,Senior Engineer
494,109953,Godehard,Chorvat,23768,32243,2958101,Senior Staff
495,200267,Chuanti,Luff,23750,34598,2958101,Senior Staff
496,200312,Akemi,Fujisaki,23769,37208,2958101,Senior Engineer
497,200363,Kirk,Quaggetto,23752,31958,2958101,Senior Engineer
498,200735,Dinah,Denos,23751,33868,2958101,Senior Staff
499,200789,Susumu,Camurati,23756,33587,2958101,Senior Staff
500,201229,Alejandra,Khasidashvili,23745,34545,2958101,Staff
501,201708,Anneli,Perl,23757,33855,2958101,Staff
502,201709,Fan,Kakkad,23743,32198,2958101,Staff
503,201739,Genta,Terekhov,23758,35997,2958101,Assistant Engineer
504,201801,Waiman,Genin,23754,32446,2958101,Engineer
505,201915,Sudharsan,DeMori,23744,33693,2958101,Engineer
506,202291,Ortrun,Schmiedel,23758,35629,2958101,Engineer
507,202403,Gully,Perko,23751,36348,2958101,Engineer
508,202414,Zvonko,Murthy,23755,33610,2958101,Senior Staff
509,202552,Morris,Saoudi,23747,33564,2958101,Engineer
510,202826,Kerhong,Matzke,23761,31730,2958101,Senior Engineer
511,202882,Isaac,Koshino,23767,34970,2958101,Senior Engineer
512,202950,Giordano,Pietrzykowski,23759,31862,2958101,Senior Staff
513,203474,Hugh,Jonsson,23745,33425,2958101,Senior Staff
514,203495,Zongyan,Gips,23744,35581,2958101,Technique Leader
515,203599,Ewing,DiGiano,23763,36557,2958101,Technique Leader
516,203720,Sasan,Thimonier,23772,35298,2958101,Senior Staff
517,203946,Yefim,Marwedel,23765,34058,2958101,Senior Staff
518,204117,Jessie,Nooteboom,23752,36873,2958101,Staff
519,204133,Susuma,Bergere,23764,35120,2958101,Senior Staff
520,204246,Arve,Worfolk,23751,31138,2958101,Senior Staff
521,204425,Gretta,Huttel,23745,33154,2958101,Senior Engineer
522,204470,Hein,Lichtner,23764,35917,2958101,Senior Staff
523,204471,Franziska,Maginnis,23769,31460,2958101,Engineer
524,204764,Susanne,Mandelberg,23764,33179,2958101,Engineer
525,205018,Yahiko,Awdeh,23768,36012,2958101,Engineer
526,205085,Moni,Kornyak,23765,33507,2958101,Technique Leader
527,205174,Leszek,Spinelli,23747,36139,2958101,Staff
528,205500,Mary,Setiz,23746,32521,2958101,Senior Engineer
529,205627,Stabislas,Broder,23763,35262,2958101,Engineer
530,205660,Kien,Barreiro,23769,36823,2958101,Staff
531,205699,Youjian,Yetto,23773,34675,2958101,Senior Staff
532,205789,Limsoon,Skafidas,23773,36382,2958101,Senior Staff
533,205863,Aiichiro,Kusalik,23748,33150,2958101,Engineer
534,206748,Yucai,Fabrizio,23749,36439,2958101,Staff
535,206836,Guadalupe,Pfau,23754,34050,2958101,Staff
536,206966,Tzu,Sichman,23763,32098,2958101,Senior Engineer
537,207021,Jacqueline,Akaboshi,23762,35770,2958101,Engineer
538,207068,Zhiguo,Ariola,23755,34584,2958101,Senior Staff
539,207204,Kellie,Schrooten,23767,33255,2958101,Engineer
540,207401,Shuji,Barbanera,23746,31999,2958101,Senior Staff
541,207551,Baziley,Falck,23757,34748,2958101,Assistant Engineer
542,207779,Chinya,Kamble,23758,33755,2958101,Senior Staff
543,207980,Remko,Vieth,23749,33199,2958101,Staff
544,208147,Manu,Rothenberg,23751,32483,2958101,Engineer
545,208330,Shen,Flanders,23753,32692,2958101,Senior Staff
546,208639,Larisa,Lukaszewicz,23769,35368,2958101,Staff
547,208653,Phillip,Schade,23765,32570,2958101,Engineer
548,208784,Pranjal,Juneja,23772,31127,2958101,Senior Engineer
549,209101,Xinyu,Edelhoff,23747,35729,2958101,Senior Engineer
550,209443,Krassimir,Garnier,23761,35821,2958101,Senior Staff
551,209565,Dante,Covnot,23751,32656,2958101,Senior Staff
552,209712,Nimmagadda,Baak,23759,32080,2958101,Assistant Engineer
553,210017,Shalesh,Lovengreen,23770,33145,2958101,Senior Staff
554,210292,Lihong,Zeilberger,23760,35183,2958101,Staff
555,210449,Gino,Lagarias,23761,35603,2958101,Engineer
556,210752,Saniya,Stenning,23767,31756,2958101,Senior Staff
557,210786,Werner,Ranze,23773,35951,2958101,Staff
558,211858,Domenico,Ratnaker,23750,31130,2958101,Senior Engineer
559,211879,Gao,Ranze,23754,34662,2958101,Engineer
560,211967,Anwar,Bain,23749,32530,2958101,Engineer
561,212093,Leni,Henders,23753,34292,2958101,Senior Staff
562,212154,Sailaja,Holburn,23759,33301,2958101,Senior Staff
563,212361,Claudi,Stanfel,23758,35071,2958101,Senior Engineer
564,213016,Yongmao,Fontan,23764,34176,2958101,Senior Engineer
565,213140,Tru,Danecki,23752,35520,2958101,Staff
566,213384,Pranas,Narwekar,23746,31316,2958101,Engineer
567,213447,Armond,Perly,23774,32765,2958101,Senior Engineer
568,214215,Xiaoqiang,Cardazo,23767,34117,2958101,Senior Staff
569,214391,Rayond,Klassen,23757,34223,2958101,Senior Staff
570,214427,Peer,Molberg,23771,35386,2958101,Engineer
571,214539,Ingmar,Kohling,23769,34814,2958101,Engineer
572,214634,Shirish,Vickson,23754,32805,2958101,Senior Engineer
573,214789,Arfst,Chepyzhov,23770,32545,2958101,Senior Engineer
574,214866,Gopalakrishnan,Angel,23774,35616,2958101,Engineer
575,214995,Dinkar,Hoppenstand,23754,34458,2958101,Engineer
576,215419,Flemming,Kroha,23758,34722,2958101,Staff
577,215629,Munehiro,Manders,23757,31915,2958101,Senior Staff
578,215746,Sven,Speer,23750,36349,2958101,Staff
579,215843,Pramod,Loncour,23772,31867,2958101,Senior Staff
580,216054,Sahrah,Angiulli,23766,31624,2958101,Staff
581,216342,Aiichiro,Cromarty,23764,34860,2958101,Engineer
582,216375,Byong,Gustavson,23758,31118,2958101,Senior Engineer
583,216502,Xiaocheng,Suermann,23768,35779,2958101,Engineer
584,216573,Ashish,Vidya,23771,32675,2958101,Engineer
585,216921,Lena,Lenart,23764,33232,2958101,Staff
586,217026,Otmar,Engberts,23753,34197,2958101,Senior Staff
587,217080,Masami,Puoti,23754,36546,2958101,Senior Engineer
588,217272,Yuchang,Eldridge,23763,31625,2958101,Senior Staff
589,217286,Yannik,Spelt,23747,33869,2958101,Technique Leader
590,217320,Abdelwaheb,Denis,23752,34222,2958101,Engineer
591,217363,Horward,Marzano,23756,35166,2958101,Staff
592,217387,Jianhao,Molenaar,23763,32072,2958101,Senior Engineer
593,217551,Panayotis,Lukaszewicz,23744,32665,2958101,Senior Engineer
594,217800,Shay,Servieres,23774,36013,2958101,Senior Staff
595,218022,Mokhtar,Poupard,23768,33636,2958101,Technique Leader
596,218100,Jiong,Garnham,23766,32875,2958101,Senior Staff
597,218831,Unal,DuBourdieux,23758,35137,2958101,Engineer
598,219035,Kristine,Bierman,23760,32276,2958101,Technique Leader
599,219047,Aemilian,Kusalik,23772,31924,2958101,Engineer
600,219052,Marsal,Acton,23748,34913,2958101,Staff
601,219417,Subhrajyoti,Denna,23771,35271,2958101,Staff
602,219497,Moie,Zastre,23764,33522,2958101,Technique Leader
603,219967,Susanna,Reeken,23758,35870,2958101,Senior Staff
604,220029,Demos,Asser,23759,31355,2958101,Senior Engineer
605,220131,Reinhard,Slaats,23751,34493,2958101,Engineer
606,220418,Poorav,Laventhal,23765,35658,2958101,Staff
607,220528,Sibyl,Rabehasaina,23748,35849,2958101,Senior Staff
608,220582,Poornachandra,Zielinski,23750,35108,2958101,Staff
609,220611,Yuping,Babb,23765,34730,2958101,Senior Staff
610,220625,Shigenori,Deville,23767,33962,2958101,Technique Leader
611,220699,Nahid,Gyimothy,23749,34929,2958101,Staff
612,220799,Perla,Orlowska,23759,36081,2958101,Senior Engineer
613,221126,Tesuya,dAstous,23765,32476,2958101,Senior Engineer
614,221367,Saddek,Farris,23755,33183,2958101,Senior Staff
615,221369,Abdulah,Pocchiola,23770,35305,2958101,Engineer
616,221435,Djenana,Marrevee,23748,34371,2958101,Engineer
617,221973,Sangeeta,Kalefeld,23759,33030,2958101,Senior Staff
618,222206,Stein,Uludag,23763,32172,2958101,Senior Staff
619,222311,Miyeon,Billingsley,23762,33943,2958101,Senior Engineer
620,222319,Matt,Chvatal,23762,34647,2958101,Senior Engineer
621,222354,Valdiodio,Schlumberger,23757,34188,2958101,Engineer
622,222616,Badri,Schapire,23774,35814,2958101,Assistant Engineer
623,222770,Kazuhiko,Kushner,23764,34912,2958101,Senior Engineer
624,222878,Annemarie,Zallocco,23752,35400,2958101,Engineer
625,222926,Limsoon,Erol,23752,35795,2958101,Senior Engineer
626,222952,Gopalakrishnan,Suermann,23770,33358,2958101,Senior Engineer
627,222998,Leaf,Awdeh,23749,33879,2958101,Senior Staff
628,223593,Hidefumi,Moehrke,23762,35858,2958101,Staff
629,223595,Chiranjit,Dredge,23774,36408,2958101,Technique Leader
630,224135,Annemarie,Bressoud,23744,35969,2958101,Engineer
631,224335,Perry,Chachaty,23771,31250,2958101,Engineer
632,224390,TRUE,Shobatake,23766,35202,2958101,Senior Staff
633,224934,George,Miake,23747,32144,2958101,Senior Staff
634,225438,Remmert,Quaggetto,23756,33722,2958101,Senior Staff
635,225601,Masasuke,Genin,23755,34510,2958101,Assistant Engineer
636,225788,Ipke,Kieras,23750,35051,2958101,Engineer
637,225867,Ramalingam,Remmele,23768,36406,2958101,Senior Engineer
638,225964,Mooi,Cooman,23761,32666,2958101,Engineer
639,226216,Giordano,Gini,23770,34195,2958101,Technique Leader
640,226227,Herbert,Erva,23749,31661,2958101,Senior Engineer
641,227354,Gio,Murtha,23754,31727,2958101,Engineer
642,227476,Macha,Schnabel,23753,32274,2958101,Engineer
643,227681,Mikhail,Rousseau,23772,36129,2958101,Staff
644,227899,Garnik,Luce,23765,36053,2958101,Staff
645,227901,Francesca,Azuma,23768,35224,2958101,Staff
646,228098,IEEE,Kroll,23760,35843,2958101,Engineer
647,228248,Yuriy,Plump,23751,32394,2958101,Senior Staff
648,228554,Bilhanan,Brendel,23745,33230,2958101,Senior Staff
649,228766,Nahla,Smailagic,23753,34012,2958101,Engineer
650,229098,Berry,Yurek,23750,34927,2958101,Senior Staff
651,229220,Fabrizio,Lichtman,23763,31817,2958101,Senior Engineer
652,229248,Harjit,Terekhov,23769,34991,2958101,Staff
653,229386,Pohua,Tasistro,23745,34642,2958101,Technique Leader
654,229391,Paloma,Henseler,23757,33400,2958101,Senior Engineer
655,229404,Gilbert,Kilgour,23753,35160,2958101,Staff
656,229547,Moni,Schach,23745,31597,2958101,Senior Staff
657,229727,Ewing,Millington,23765,36431,2958101,Engineer
658,229981,Jamaludin,Fordan,23761,33640,2958101,Engineer
659,230002,Tadahiro,Backhouse,23749,33513,2958101,Engineer
660,230126,Bezalel,Radivojevic,23773,32326,2958101,Staff
661,230287,Renny,Alameldin,23756,35701,2958101,Assistant Engineer
662,230354,Yinghua,Lorho,23773,33459,2958101,Staff
663,230498,Kolar,Puppo,23757,32988,2958101,Senior Engineer
664,230579,Shahar,Negoita,23759,34412,2958101,Senior Staff
665,230689,Dietrich,Crabtree,23756,31556,2958101,Senior Staff
666,230865,Takushi,Brattka,23744,36314,2958101,Staff
667,231069,Trygve,Siksek,23764,35012,2958101,Staff
668,231459,Nectarios,Pramanik,23770,36482,2958101,Assistant Engineer
669,231671,Chandrasekaran,Pearson,23749,34803,2958101,Staff
670,231798,Goetz,Alvarado,23770,32502,2958101,Engineer
671,232178,Etsuo,Anandan,23771,32855,2958101,Staff
672,232209,Nitsan,Rouquie,23753,32356,2958101,Engineer
673,232697,Barry,Ramsak,23765,33123,2958101,Senior Engineer
674,232723,Tesuya,Bugrara,23756,34013,2958101,Assistant Engineer
675,233114,Alselm,Gargeya,23762,32136,2958101,Senior Engineer
676,233394,Khalid,Lenart,23748,35057,2958101,Engineer
677,233397,Fay,Sundgren,23758,33061,2958101,Staff
678,233426,Etsuo,Usery,23754,34760,2958101,Senior Engineer
679,233690,Cedric,Riefers,23759,34585,2958101,Engineer
680,233759,Zissis,Lodder,23756,36673,2958101,Engineer
681,233765,Kotesh,Chachaty,23762,33322,2958101,Senior Engineer
682,233785,Baziley,Ballarin,23772,31986,2958101,Senior Staff
683,233818,Kellie,Heydon,23743,31362,2958101,Senior Engineer
684,234195,Luerbio,Terkki,23749,33372,2958101,Staff
685,234739,Foong,Aamodt,23773,31591,2958101,Senior Engineer
686,235017,Irena,Dratva,23759,33488,2958101,Senior Staff
687,235096,Sverrir,Gyimothy,23763,34910,2958101,Senior Staff
688,235325,Gro,Prochazka,23748,33893,2958101,Engineer
689,235368,Anneli,Joslin,23751,31879,2958101,Senior Engineer
690,235458,Gio,Heuser,23747,33783,2958101,Staff
691,235729,Henk,Anger,23774,33988,2958101,Staff
692,235780,Sampalli,Bergere,23759,34432,2958101,Senior Engineer
693,235793,Jayesh,Spinelli,23745,36176,2958101,Senior Engineer
694,236315,IEEE,Raczkowsky,23773,35270,2958101,Technique Leader
695,236566,Yechezkel,Maginnis,23759,33949,2958101,Senior Staff
696,236591,Insup,Reinhard,23753,31145,2958101,Senior Staff
697,236827,Almudena,Rijckaert,23770,34381,2958101,Engineer
698,236883,Huan,Olivero,23769,36483,2958101,Staff
699,236964,Adel,Foote,23759,36605,2958101,Staff
700,238112,Miomir,Frezza,23754,33383,2958101,Technique Leader
701,238252,Uno,Suppi,23751,35426,2958101,Staff
702,238422,Vishv,Angelov,23752,32210,2958101,Senior Staff
703,238949,Minghong,Cronin,23751,32054,2958101,Senior Staff
704,239067,Tadahiko,Pocchiola,23753,35157,2958101,Staff
705,239244,Abdulla,Kitai,23755,31828,2958101,Senior Staff
706,239415,Susumu,Brender,23743,34076,2958101,Engineer
707,239426,Vesna,Fairtlough,23750,37383,2958101,Engineer
708,239664,Sugwoo,Michaels,23746,33818,2958101,Engineer
709,239706,Arunas,Bugrara,23757,35523,2958101,Assistant Engineer
710,239748,Bilhanan,Dusink,23765,32298,2958101,Senior Staff
711,239803,Oscal,Ernst,23772,33743,2958101,Staff
712,240132,Mizuhito,Kobara,23774,35286,2958101,Staff
713,240236,TRUE,Tischendorf,23766,31431,2958101,Engineer
714,240285,Kolar,Greenaway,23765,36113,2958101,Staff
715,240340,Mack,Staylopatis,23756,31139,2958101,Engineer
716,240438,Temple,Cyre,23744,33877,2958101,Staff
717,240870,Francesca,Chorvat,23748,33680,2958101,Staff
718,241100,Cedric,Molenaar,23765,33152,2958101,Engineer
719,241254,Jagoda,Anguita,23757,34100,2958101,Senior Engineer
720,241292,Uri,Lampe,23771,37236,2958101,Staff
721,241567,Emran,Miara,23760,32630,2958101,Engineer
722,241667,Atilio,Olivero,23770,31294,2958101,Engineer
723,241728,Limsoon,Boudaillier,23772,36380,2958101,Senior Engineer
724,241872,Bluma,Fetvedt,23753,37209,2958101,Senior Staff
725,242019,Herb,Murrill,23751,37192,2958101,Senior Engineer
726,242081,Tomokazu,Pargas,23754,35384,2958101,Engineer
727,242104,Richara,Sudkamp,23747,32756,2958101,Senior Staff
728,242500,Bingning,Iisaku,23750,32685,2958101,Senior Staff
729,242800,Kazuyasu,Levergood,23753,35105,2958101,Engineer
730,243018,Bowen,Deverell,23744,36156,2958101,Senior Staff
731,243077,Kazunori,Perz,23774,36216,2958101,Senior Engineer
732,243576,Abdulah,Lodder,23746,35379,2958101,Staff
733,243637,Marjo,Delgrange,23758,33048,2958101,Senior Staff
734,243898,Arch,Basawa,23751,35925,2958101,Staff
735,244308,Mokhtar,Rebaine,23752,33442,2958101,Senior Staff
736,244605,Masoud,Suwa,23764,36078,2958101,Staff
737,244624,Boaz,Seuren,23773,31863,2958101,Staff
738,244711,Rosli,Butner,23767,33317,2958101,Engineer
739,244714,Poorav,Clouatre,23769,35191,2958101,Senior Engineer
740,244820,Shigenori,Hertweck,23757,31880,2958101,Engineer
741,244873,Arunachalam,Oppitz,23746,31552,2958101,Staff
742,245164,Filipp,Winter,23765,35362,2958101,Engineer
743,245396,Gift,Bottner,23773,34762,2958101,Senior Staff
744,245664,Manohar,Kilgore,23760,36116,2958101,Staff
745,246146,Zhongwei,Melski,23772,32024,2958101,Senior Engineer
746,246244,George,Casperson,23751,36545,2958101,Staff
747,246364,Alper,Tiemann,23748,36097,2958101,Engineer
748,246764,Shuzo,Czaja,23746,35763,2958101,Staff
749,246798,Tianruo,Strooper,23751,37232,2958101,Senior Staff
750,246902,Shih,Shanbhogue,23769,35904,2958101,Staff
751,247089,Seongbae,Schahn,23759,33948,2958101,Senior Staff
752,247122,Xiaobin,Narlikar,23765,33648,2958101,Staff
753,247447,Tzu,Bakhtari,23770,34411,2958101,Engineer
754,247456,Masako,Bahk,23758,35642,2958101,Engineer
755,247612,Chiranjit,Constantine,23746,35575,2958101,Engineer
756,247875,Xiong,Anick,23744,33351,2958101,Senior Staff
757,247888,Abdelghani,Lagarias,23757,31296,2958101,Engineer
758,248256,Sajjan,Falby,23747,35306,2958101,Staff
759,248351,Jaana,Milicia,23774,31200,2958101,Senior Staff
760,248758,Snehasis,Muhlberg,23774,34693,2958101,Senior Staff
761,248953,Percy,Sudbeck,23771,35306,2958101,Assistant Engineer
762,249239,Hideyuki,Decleir,23763,34458,2958101,Senior Engineer
763,249325,Ute,Pokrovskii,23768,35590,2958101,Staff
764,249433,Ayonca,Matzov,23758,32297,2958101,Engineer
765,249504,Dmitry,Velardi,23749,34992,2958101,Engineer
766,249780,Nechama,Gaughan,23754,34159,2958101,Engineer
767,249799,Jolita,Neimat,23746,34330,2958101,Senior Engineer
768,249866,Steen,Gubsky,23757,32522,2958101,Staff
769,249969,Georgi,Luiz,23763,33399,2958101,Engineer
770,250411,Ranga,Sommen,23769,32528,2958101,Staff
771,250452,Alexius,Plavsic,23756,36542,2958101,Senior Engineer
772,250748,Kish,Turnbull,23769,31818,2958101,Senior Engineer
773,251166,Hinrich,Hooghiemstra,23764,31325,2958101,Staff
774,251233,Yucel,Bernini,23749,34019,2958101,Engineer
775,251301,Pintsang,Impagliazzo,23772,32634,2958101,Senior Staff
776,251341,Divier,Kumaresan,23753,33943,2958101,Senior Staff
777,251403,Utpal,DuBourdieux,23743,35753,2958101,Technique Leader
778,251437,Shichao,Iwayama,23762,32798,2958101,Assistant Engineer
779,251645,Bezalel,Tsunoo,23748,33772,2958101,Senior Staff
780,251680,Moty,Sommen,23747,33099,2958101,Senior Engineer
781,251814,Mitsuyuki,Zockler,23743,36052,2958101,Technique Leader
782,252185,Chaosheng,Conta,23743,35534,2958101,Engineer
783,252316,Gill,Niizuma,23749,34615,2958101,Senior Engineer
784,252392,Sanjeeva,Peron,23743,34329,2958101,Engineer
785,253029,Thodoros,Thimonier,23755,34794,2958101,Engineer
786,253707,Insup,Hainaut,23747,35837,2958101,Staff
787,253838,Stafford,Terlouw,23770,36212,2958101,Assistant Engineer
788,253893,Huiqun,Trystram,23746,34099,2958101,Senior Engineer
789,254044,Gunilla,Brendel,23758,33704,2958101,Engineer
790,254399,Armond,Lores,23766,36419,2958101,Technique Leader
791,254821,Tonny,Couchot,23766,34680,2958101,Staff
792,255466,Huan,Roccetti,23760,31231,2958101,Senior Engineer
793,255657,Oldrich,Cyre,23762,31088,2958101,Engineer
794,255779,Heejo,Merle,23773,35677,2958101,Technique Leader
795,256216,Halsur,Brodal,23743,35756,2958101,Engineer
796,256856,Hongzue,Barbanera,23745,31945,2958101,Senior Staff
797,256881,Ioana,Jakobus,23745,33095,2958101,Engineer
798,256888,Heather,Pehl,23745,34227,2958101,Staff
799,257062,Stabislas,Pardalos,23766,32680,2958101,Engineer
800,257378,Pascal,Bernatsky,23748,32389,2958101,Senior Staff
801,257469,Anyuan,Hanratty,23764,32148,2958101,Senior Staff
802,257484,Shaowei,Nicolson,23743,31753,2958101,Senior Staff
803,258028,Mountaz,Reinhart,23749,37075,2958101,Engineer
804,258124,Mariusz,Zolotykh,23759,33082,2958101,Senior Staff
805,258470,Weiwu,Butner,23746,34744,2958101,Staff
806,258643,Przemyslawa,Esposito,23753,33661,2958101,Senior Engineer
807,259042,Xiaoqiang,Farrow,23754,35431,2958101,Staff
808,259237,Palash,Gammage,23769,32073,2958101,Senior Staff
809,259273,Xiahua,Gomatam,23764,32843,2958101,Senior Engineer
810,259611,Shuichi,Marrakchi,23769,33106,2958101,Senior Staff
811,259619,Conal,Magliocco,23763,33733,2958101,Senior Staff
812,259718,Stepehn,Bouloucos,23766,34316,2958101,Senior Staff
813,260153,Mingdong,Baar,23770,33525,2958101,Technique Leader
814,260249,Vugranam,Beausoleil,23764,35929,2958101,Staff
815,260361,Reinhold,Rahier,23767,35712,2958101,Engineer
816,260399,Hatem,Birsak,23772,32608,2958101,Staff
817,260408,Sasan,Brookner,23761,35311,2958101,Staff
818,260501,Dzung,Pargas,23756,33010,2958101,Technique Leader
819,261184,Masako,Kornatzky,23772,32018,2958101,Senior Engineer
820,261631,Jianhua,Huttel,23750,35849,2958101,Engineer
821,261662,Berni,Assaf,23753,32759,2958101,Senior Staff
822,261737,Mark,Lindqvist,23765,33199,2958101,Engineer
823,261986,Gila,Ramsak,23763,35563,2958101,Senior Engineer
824,261990,Volkmar,Czaja,23758,33695,2958101,Senior Staff
825,262208,Mrinalini,Holburn,23758,31920,2958101,Senior Staff
826,262210,Chinho,Bottner,23764,31257,2958101,Engineer
827,262328,Mayuko,Vural,23745,35788,2958101,Staff
828,262439,Lorien,Lagarias,23772,31330,2958101,Staff
829,262636,Tamiya,Reutenauer,23746,33704,2958101,Senior Engineer
830,262752,Pramod,Bierman,23746,35776,2958101,Engineer
831,262928,Piyush,Gill,23743,34750,2958101,Senior Engineer
832,263012,Hideo,Buchter,23751,36281,2958101,Staff
833,263186,Danny,Lowrie,23764,34955,2958101,Technique Leader
834,263370,Shakhar,Ranze,23745,36309,2958101,Staff
835,263439,Atreye,Kabayashi,23751,31761,2958101,Senior Engineer
836,263645,Mingsen,Lally,23761,33211,2958101,Senior Engineer
837,263649,Mechthild,Zongker,23759,34176,2958101,Senior Staff
838,263926,Fusako,Schwartzbauer,23745,31144,2958101,Senior Staff
839,264030,Zdislav,Solares,23757,33221,2958101,Assistant Engineer
840,264167,Baoqiu,Tomescu,23767,35186,2958101,Senior Engineer
841,264322,Leandro,Swist,23745,33244,2958101,Senior Staff
842,264626,Noritoshi,Bakhtari,23755,34003,2958101,Senior Staff
843,264939,Bogdan,Bahi,23752,36204,2958101,Engineer
844,265039,Navid,Staudhammer,23745,33895,2958101,Senior Staff
845,265521,Kensei,Salverda,23746,34114,2958101,Engineer
846,265558,Susuma,Kleiser,23773,31991,2958101,Staff
847,265794,Miquel,Halloran,23757,34348,2958101,Senior Staff
848,265875,Fan,Marsiglia,23762,32754,2958101,Engineer
849,266206,Zsolt,Anily,23774,31278,2958101,Senior Staff
850,266249,Sumant,Nishimukai,23757,33325,2958101,Senior Staff
851,266310,Zvonko,Serdy,23765,31952,2958101,Senior Staff
852,266644,Anwar,Gubsky,23750,34190,2958101,Staff
853,266862,Mart,Plumb,23752,31523,2958101,Senior Staff
854,266881,Mokhtar,Sabnani,23753,35465,2958101,Staff
855,267059,Moie,Tempesti,23751,33418,2958101,Staff
856,267227,Susuma,Tagansky,23752,34721,2958101,Senior Engineer
857,267304,Jordanka,Axelband,23748,34512,2958101,Senior Staff
858,267667,Irena,Kaiserswerth,23747,32025,2958101,Senior Staff
859,268043,Narain,Mikschl,23770,35736,2958101,Engineer
860,268191,LiMin,Teitelbaum,23749,33178,2958101,Engineer
861,269728,Naftali,Kragelund,23754,31913,2958101,Staff
862,270084,Ulises,Frolund,23753,31619,2958101,Senior Staff
863,270716,Shunichi,Baer,23761,35830,2958101,Staff
864,270794,Dannz,Zhang,23774,33415,2958101,Senior Staff
865,271106,Taisook,Kampfer,23752,35764,2958101,Engineer
866,271219,Odoardo,Tyugu,23758,34645,2958101,Engineer
867,272141,Tsutomu,Neiman,23755,35277,2958101,Senior Staff
868,272285,Gully,Mitchem,23761,31434,2958101,Senior Staff
869,272316,Surveyors,Muhling,23747,36360,2958101,Engineer
870,272452,Mitsuyuki,Isard,23752,37314,2958101,Engineer
871,272599,Holgard,Hegner,23758,34165,2958101,Senior Staff
872,272860,Minghong,Candan,23774,34375,2958101,Assistant Engineer
873,273159,Divine,Hofmeyr,23768,32612,2958101,Technique Leader
874,273286,Brigham,Asmuth,23768,32531,2958101,Engineer
875,273396,Wayne,Baba,23752,35861,2958101,Engineer
876,273806,Hongzhu,Beetstra,23743,35660,2958101,Staff
877,273858,Gunilla,Matzen,23755,33235,2958101,Senior Staff
878,274071,Mingsen,Weiland,23743,34984,2958101,Staff
879,274271,Prodip,Ritcey,23752,31665,2958101,Staff
880,274369,Ranga,Waymire,23771,35457,2958101,Senior Staff
881,274813,Yefim,Pettey,23752,34188,2958101,Staff
882,275158,Satyanarayana,Brandsma,23749,36502,2958101,Engineer
883,275263,Vojin,Laventhal,23763,33529,2958101,Engineer
884,275444,Limsoon,Leppanen,23758,33990,2958101,Engineer
885,275495,Shen,Yamaashi,23755,34749,2958101,Staff
886,275801,Ayakannu,Heinisuo,23764,31591,2958101,Senior Staff
887,275881,Jiann,Munro,23750,32281,2958101,Senior Engineer
888,275994,Uma,Prampolini,23771,33290,2958101,Senior Engineer
889,276027,Holgard,Stavenow,23746,31471,2958101,Staff
890,276184,Mari,Swick,23752,33336,2958101,Senior Staff
891,276186,Sajjad,Vecchi,23772,34122,2958101,Staff
892,276189,Isaac,Klerer,23752,34777,2958101,Staff
893,276445,Atilio,Randi,23769,32326,2958101,Senior Engineer
894,276472,Hideyuki,Flanders,23769,32457,2958101,Engineer
895,276563,Gift,Solares,23743,34912,2958101,Senior Staff
896,276868,Alois,Sanella,23761,35867,2958101,Staff
897,277316,Vitali,Rothenberg,23745,32785,2958101,Senior Staff
898,277362,Uzi,Kugler,23751,33250,2958101,Senior Staff
899,277420,Rayond,Schach,23758,34811,2958101,Senior Engineer
900,277777,Herbert,Itzigehl,23769,33058,2958101,Senior Engineer
901,277829,Michaela,Fandrianto,23764,31565,2958101,Senior Engineer
902,278239,Boaz,Bottner,23761,34371,2958101,Staff
903,278386,Caolyn,Poujol,23757,35036,2958101,Technique Leader
904,278452,Sudhanshu,Toyoshima,23749,32018,2958101,Senior Staff
905,278536,Munenori,Shobatake,23756,33613,2958101,Staff
906,278549,Jaana,Werthner,23744,32716,2958101,Senior Staff
907,278953,Jeanna,Ghandeharizadeh,23768,33096,2958101,Senior Engineer
908,279115,Maren,DuCasse,23747,35763,2958101,Engineer
909,279280,Niranjan,Debuse,23751,33868,2958101,Engineer
910,279791,Chiranjit,Lyonns,23752,31770,2958101,Engineer
911,280070,Niteen,Ebeling,23766,32231,2958101,Staff
912,280291,Lenore,Badache,23768,36123,2958101,Staff
913,280420,Jahangir,Hofting,23773,31683,2958101,Senior Staff
914,280525,Kish,Herbst,23755,35295,2958101,Staff
915,280648,Heeju,Lorys,23746,31773,2958101,Senior Engineer
916,281570,Zijian,Covnot,23750,34590,2958101,Assistant Engineer
917,281692,Khosrow,Sommen,23748,32935,2958101,Senior Engineer
918,281848,Parke,Staylopatis,23771,34181,2958101,Engineer
919,281859,Masanao,Papastamatiou,23759,31376,2958101,Engineer
920,282191,Alper,Shinomoto,23758,35723,2958101,Engineer
921,282333,Nahla,Serdy,23767,34221,2958101,Senior Staff
922,282343,Xinglin,Haldar,23755,32344,2958101,Staff
923,282547,Nahum,Codenie,23760,36325,2958101,Engineer
924,282585,Zijian,Lammel,23745,35247,2958101,Staff
925,282894,Fay,Bellmore,23747,32631,2958101,Engineer
926,284300,Ishfaq,Mahmud,23764,33571,2958101,Senior Staff
927,284431,Pintsang,Fujisawa,23767,35171,2958101,Senior Staff
928,284561,Duri,Beznosov,23745,32188,2958101,Senior Engineer
929,284687,Oksana,Redmiles,23757,31220,2958101,Senior Engineer
930,284691,Theron,Ressouche,23746,32372,2958101,Engineer
931,284711,Martijn,Azevdeo,23763,32183,2958101,Senior Engineer
932,284717,Gal,Ranta,23753,33915,2958101,Engineer
933,284856,Moto,Kobara,23747,33584,2958101,Engineer
934,284954,Anneke,Hammerschmidt,23758,35094,2958101,Engineer
935,285164,Xiaocheng,Kumaresan,23744,34610,2958101,Staff
936,285396,Lena,Kohling,23769,31689,2958101,Engineer
937,285905,Kellyn,Bage,23751,34642,2958101,Senior Staff
938,285906,Arnould,Buescher,23744,35880,2958101,Engineer
939,286026,Utpal,Zaumen,23763,33294,2958101,Staff
940,286029,Jaques,Nanard,23770,35262,2958101,Staff
941,286370,Toshimitsu,Seuren,23748,34718,2958101,Senior Staff
942,286452,Behnaam,Bierbaum,23768,36191,2958101,Engineer
943,286573,Nahum,Nishimukai,23769,34544,2958101,Engineer
944,286779,Sigeru,Versino,23766,36038,2958101,Engineer
945,286986,Woody,Trelles,23743,35208,2958101,Senior Engineer
946,287323,Steve,Dengi,23774,36418,2958101,Staff
947,287327,Youjian,Felder,23755,34165,2958101,Senior Staff
948,287334,Elliott,Speer,23747,36015,2958101,Engineer
949,287482,Shigeaki,Gihr,23743,34411,2958101,Senior Engineer
950,287583,Jovan,Hockney,23760,33045,2958101,Engineer
951,287609,Sailaja,Negoita,23748,32162,2958101,Assistant Engineer
952,287713,Aamod,Ranka,23765,33945,2958101,Senior Staff
953,287808,Vidar,Ozeki,23751,35233,2958101,Technique Leader
954,287983,Randi,Munos,23765,33123,2958101,Senior Staff
955,287984,Troy,Kobuchi,23751,33281,2958101,Engineer
956,288028,Kauko,Narwekar,23764,31397,2958101,Engineer
957,288142,Shay,Heystek,23767,32599,2958101,Staff
958,288166,Masoud,Asmuth,23753,34582,2958101,Staff
959,288560,Yifei,Birjandi,23758,34372,2958101,Senior Staff
960,288563,Cristinel,Gerlach,23744,35073,2958101,Engineer
961,288606,Susumu,Swiss,23763,33557,2958101,Senior Staff
962,288665,Horward,Khasidashvili,23773,36118,2958101,Senior Engineer
963,288893,Bedrich,Rosenbaum,23772,33265,2958101,Senior Engineer
964,289454,Bowen,Narwekar,23762,31114,2958101,Senior Engineer
965,289687,Fai,Maccarone,23773,31350,2958101,Staff
966,289807,Soenke,Lemarechal,23746,34581,2958101,Staff
967,289909,Hilari,Vecchio,23751,34083,2958101,Senior Staff
968,290009,Zijian,Rindone,23764,32698,2958101,Staff
969,290075,Boalin,Byoun,23757,33147,2958101,Senior Staff
970,290284,Kwangjo,Menhardt,23750,35075,2958101,Engineer
971,290441,Gregory,Collavizza,23767,32029,2958101,Senior Staff
972,290467,Shaowen,Poulakidas,23771,31882,2958101,Staff
973,290478,Tsvetan,Sherertz,23745,32727,2958101,Engineer
974,290563,Shigehiro,Oxenboll,23751,31469,2958101,Senior Engineer
975,290769,Lalit,Blokdijk,23768,36192,2958101,Senior Engineer
976,291352,Danai,Trelles,23749,35668,2958101,Technique Leader
977,291612,Siamak,Gomatam,23772,35984,2958101,Engineer
978,291669,Faiza,Bach,23746,36416,2958101,Engineer
979,292110,Menkae,Showalter,23765,35286,2958101,Senior Engineer
980,292146,Khatoun,Pulkowski,23751,37265,2958101,Engineer
981,292210,Masaru,Huhdanpaa,23759,35392,2958101,Senior Engineer
982,292404,Hongzue,Zultner,23770,32926,2958101,Senior Staff
983,292504,Georgi,Bednarek,23769,34395,2958101,Engineer
984,292515,Bernd,Thummel,23746,32723,2958101,Engineer
985,292828,Ziya,Tokunaga,23752,31420,2958101,Engineer
986,293080,Hideyuki,Slaats,23754,31927,2958101,Senior Staff
987,293154,Syozo,Maliniak,23763,34126,2958101,Senior Staff
988,293280,Moti,Steenbeek,23766,31799,2958101,Senior Engineer
989,293329,Fumiya,Griswold,23757,31575,2958101,Senior Engineer
990,293746,Sanjay,Litecky,23767,34938,2958101,Engineer
991,293752,Jungsoon,Bail,23746,31461,2958101,Senior Staff
992,294144,Takanari,Ermel,23751,33614,2958101,Staff
993,294241,Marl,Fiebach,23754,34541,2958101,Staff
994,294446,Claudi,Ruemmler,23769,36385,2958101,Staff
995,294461,Siddarth,Rosiles,23756,31369,2958101,Senior Engineer
996,294527,Ashish,Candan,23746,33636,2958101,Senior Staff
997,294652,Hironobu,Brodie,23769,36150,2958101,Senior Engineer
998,294791,Vesna,Lammel,23770,36441,2958101,Assistant Engineer
999,294857,Caolyn,Ozeri,23757,31622,2958101,Engineer
1000,295030,Fun,Keirsey,23743,31237,2958101,Senior Staff
1001,295236,Kauko,Fujisawa,23766,32033,2958101,Engineer
1002,295254,Xuejun,Pfau,23757,31252,2958101,Staff
1003,295255,Jacopo,Bellone,23746,32215,2958101,Technique Leader
1004,295262,Moon,Pews,23764,34552,2958101,Assistant Engineer
1005,295268,Eben,Calkin,23770,35418,2958101,Senior Staff
1006,295278,Val,Barvinok,23746,32875,2958101,Senior Engineer
1007,295411,Chiranjit,Serot,23760,35524,2958101,Staff
1008,295857,Kankanahalli,Ciolek,23759,32868,2958101,Senior Staff
1009,296062,Shaz,Driscoll,23771,36071,2958101,Staff
1010,296303,Mariangiola,Heyers,23770,33820,2958101,Technique Leader
1011,296428,Charmane,Simmen,23745,32574,2958101,Staff
1012,296664,Dipayan,Geffroy,23773,32037,2958101,Senior Engineer
1013,296687,Palash,Spieker,23744,33369,2958101,Staff
1014,296718,Kamakshi,Bahl,23772,32133,2958101,Senior Engineer
1015,297232,Lokesh,Saoudi,23758,36305,2958101,Senior Staff
1016,297431,Cathie,Ratnakar,23754,35239,2958101,Senior Staff
1017,297474,Irena,Terkki,23755,35865,2958101,Staff
1018,297905,Marc,Bahl,23754,35599,2958101,Assistant Engineer
1019,297954,Sailaja,Fujisaki,23755,34904,2958101,Assistant Engineer
1020,298339,King,Benzmuller,23753,31659,2958101,Engineer
1021,298577,Florina,Litecky,23753,31383,2958101,Staff
1022,298953,Zita,Syang,23774,36158,2958101,Staff
1023,299346,Fumitake,Sichman,23751,33290,2958101,Senior Staff
1024,299580,Luisa,Itzfeldt,23763,35453,2958101,Engineer
1025,299718,Denny,Shobatake,23757,35603,2958101,Senior Staff
1026,299737,Patricio,Itzfeldt,23774,31188,2958101,Senior Staff
1027,400046,Hilari,Christ,23754,35345,2958101,Senior Staff
1028,400358,Angus,Jullig,23773,32611,2958101,Engineer
1029,400683,Kamakshi,Manders,23770,34916,2958101,Staff
1030,400780,Poornachandra,Asser,23751,34280,2958101,Engineer
1031,400796,Bodo,Halevi,23752,35215,2958101,Engineer
1032,401154,Danae,Kragelund,23769,31917,2958101,Staff
1033,401278,Oguz,Schurmann,23758,31727,2958101,Assistant Engineer
1034,401333,Martins,Shokrollahi,23772,31720,2958101,Senior Engineer
1035,401420,Florian,Uhrig,23748,31808,2958101,Senior Staff
1036,401574,Yannik,Falco,23755,32157,2958101,Technique Leader
1037,402025,Shigehito,Duclos,23762,32040,2958101,Senior Engineer
1038,402102,Kersti,Granlund,23763,34777,2958101,Engineer
1039,402664,Subhada,Janetzko,23746,31802,2958101,Senior Engineer
1040,402718,Jeanna,Rettelbach,23759,32918,2958101,Senior Engineer
1041,402827,Weidon,Pollacia,23770,37339,2958101,Senior Staff
1042,403010,Toshimitsu,Sluis,23758,31096,2958101,Senior Engineer
1043,403621,Deborah,Kaminger,23749,32298,2958101,Senior Staff
1044,403644,Krisda,Hainaut,23761,34888,2958101,Senior Staff
1045,403954,Jeanna,Bratten,23752,33080,2958101,Engineer
1046,404018,Valery,Babb,23753,36087,2958101,Senior Engineer
1047,404236,Zengping,Kakkar,23754,32346,2958101,Engineer
1048,404462,Anestis,Setlzner,23751,31241,2958101,Engineer
1049,404573,Eberhardt,Spelt,23773,35616,2958101,Staff
1050,404755,Manu,Junet,23755,33348,2958101,Senior Staff
1051,404788,Basem,Beausoleil,23758,35870,2958101,Engineer
1052,405015,Morris,Fargier,23744,32323,2958101,Senior Staff
1053,405063,Yechezkel,Yurov,23768,37211,2958101,Senior Engineer
1054,406125,Georgi,Portugali,23767,32047,2958101,Technique Leader
1055,406239,Marek,Tomescu,23751,34834,2958101,Engineer
1056,406564,Parviz,Picco,23767,34805,2958101,Engineer
1057,406714,Malu,Ossenbruggen,23774,31737,2958101,Senior Staff
1058,406847,Alexius,Crouzet,23766,36438,2958101,Staff
1059,407522,Tommaso,Raczkowsky,23767,35306,2958101,Staff
1060,407837,Fei,Erez,23774,32235,2958101,Senior Engineer
1061,408019,Shridhar,Chleq,23743,31493,2958101,Assistant Engineer
1062,408114,Geoffrey,Ladret,23747,34337,2958101,Engineer
1063,408163,Irene,Sethi,23763,36750,2958101,Senior Engineer
1064,408417,Tsz,Daescu,23761,34605,2958101,Staff
1065,408437,Uno,Solares,23771,34599,2958101,Staff
1066,408447,Mayuri,Werthner,23755,36942,2958101,Staff
1067,408654,Yongqiao,Cochrane,23751,31712,2958101,Staff
1068,408953,Jolita,Claffy,23768,34327,2958101,Senior Engineer
1069,409391,Willard,Verspoor,23748,36219,2958101,Engineer
1070,409798,Dekang,Tsunoo,23757,34718,2958101,Technique Leader
1071,409805,Frazer,Candan,23757,36224,2958101,Senior Engineer
1072,409898,Divier,Ishibashi,23774,32773,2958101,Engineer
1073,410028,Xiadong,McClurg,23753,31307,2958101,Senior Staff
1074,410372,Duri,Mitina,23750,32936,2958101,Engineer
1075,410433,Kazuhisa,Riesenhuber,23761,33883,2958101,Senior Engineer
1076,410616,Gudjon,Kalorkoti,23760,34438,2958101,Engineer
1077,410804,Ronnie,Denos,23759,33763,2958101,Engineer
1078,410881,Koichi,Grabner,23748,36621,2958101,Senior Engineer
1079,411070,Otmar,Brandsma,23771,31925,2958101,Engineer
1080,411082,Martine,Cangellaris,23750,33722,2958101,Senior Engineer
1081,411143,Goncalo,Barbanera,23750,35309,2958101,Senior Staff
1082,412404,Mitsuyuki,Jeansoulin,23757,36461,2958101,Senior Engineer
1083,412757,Leen,Peak,23745,36484,2958101,Engineer
1084,413098,Hsiangchu,Taubenfeld,23768,34076,2958101,Staff
1085,413205,Mototsugu,Prampolini,23751,32306,2958101,Senior Staff
1086,413666,Remco,Duclos,23747,32251,2958101,Senior Staff
1087,413729,Harjit,Ernst,23744,33720,2958101,Technique Leader
1088,413831,Mohamadou,Grabner,23751,33567,2958101,Senior Staff
1089,413832,Marco,Jahnichen,23766,34786,2958101,Senior Staff
1090,414027,Tadanori,Msuda,23773,34020,2958101,Senior Engineer
1091,414091,Wuxu,Kuhnemann,23759,35661,2958101,Engineer
1092,414543,Bernd,Anick,23745,32466,2958101,Senior Engineer
1093,414551,Elliott,Copas,23764,34590,2958101,Senior Engineer
1094,414662,Ipke,Schneeberger,23763,31310,2958101,Engineer
1095,414714,Chinho,Delgrande,23748,35376,2958101,Senior Staff
1096,414814,Dayanand,Wielonsky,23770,36219,2958101,Staff
1097,414897,Juyoung,Willoner,23759,32815,2958101,Senior Staff
1098,415187,Juyoung,Peltason,23745,36039,2958101,Assistant Engineer
1099,415338,Shigeo,Emmart,23764,35057,2958101,Assistant Engineer
1100,415363,Conal,Shackell,23761,34753,2958101,Senior Staff
1101,415563,Mrinalini,Bierbaum,23763,31483,2958101,Engineer
1102,416074,Alain,Lieberherr,23750,31908,2958101,Engineer
1103,416383,Nectarios,Itschner,23771,32934,2958101,Engineer
1104,416420,Adamantios,Heemskerk,23764,31632,2958101,Senior Staff
1105,416492,Kannan,Meriste,23757,33828,2958101,Senior Engineer
1106,416660,Nathalie,Luke,23770,32036,2958101,Assistant Engineer
1107,416720,Tokuyasu,Xiaoshan,23756,33500,2958101,Engineer
1108,416877,Gio,Orsini,23744,32484,2958101,Senior Staff
1109,416892,Shooichi,Vandervoorde,23745,35293,2958101,Engineer
1110,417435,Bouchung,Zaumen,23745,36189,2958101,Senior Staff
1111,418239,Josyula,Motley,23745,35150,2958101,Senior Engineer
1112,418247,Oscar,Oppitz,23750,37464,2958101,Senior Staff
1113,418298,Arvin,Pusterhofer,23750,34760,2958101,Engineer
1114,418309,Danel,Petereit,23766,31099,2958101,Engineer
1115,418380,Kazuhiko,Gornas,23744,34109,2958101,Senior Engineer
1116,418566,Kazuhide,Snedden,23769,35230,2958101,Senior Engineer
1117,418606,Michaela,Otillio,23753,34339,2958101,Engineer
1118,418717,Arunachalam,Magliocco,23762,32134,2958101,Staff
1119,418860,Ymte,Dalton,23774,33930,2958101,Senior Staff
1120,419099,Heon,Broomell,23757,35921,2958101,Staff
1121,419953,Ung,Orlowski,23771,33441,2958101,Senior Staff
1122,420086,Susuma,Kitsuregawa,23769,31195,2958101,Engineer
1123,420476,Mariangiola,Bolsens,23770,31213,2958101,Staff
1124,420557,Mabhin,Eastman,23748,32722,2958101,Senior Staff
1125,420694,Frazer,Barbanera,23761,31720,2958101,Senior Staff
1126,420732,Willard,Morrin,23748,35212,2958101,Staff
1127,420759,Raimond,Solovay,23746,35706,2958101,Staff
1128,420765,Shawna,Krider,23759,32941,2958101,Senior Staff
1129,420877,Khosrow,Erez,23771,32915,2958101,Senior Staff
1130,421022,Shigeaki,Butner,23768,35259,2958101,Senior Staff
1131,421033,Garnik,Randt,23756,32865,2958101,Staff
1132,421074,Zhaofang,Falster,23749,34514,2958101,Senior Staff
1133,421312,Mariangiola,Bashian,23755,36421,2958101,Engineer
1134,421384,Renny,Bednarek,23744,31929,2958101,Staff
1135,421755,Shichao,Thiria,23745,32519,2958101,Assistant Engineer
1136,422146,Kenton,Miara,23750,37328,2958101,Engineer
1137,422783,Jagoda,Uhrig,23760,34943,2958101,Engineer
1138,423038,Takushi,Strehl,23762,32420,2958101,Senior Staff
1139,423204,Uma,Stranks,23750,33494,2958101,Staff
1140,423208,Joydip,Krone,23761,34738,2958101,Engineer
1141,423214,Tsutomu,Tetzlaff,23773,32044,2958101,Senior Staff
1142,423327,Constantijn,Lichtman,23769,34511,2958101,Staff
1143,423350,Heping,Monarch,23746,32248,2958101,Staff
1144,423633,Mariusz,Tokunaga,23772,31089,2958101,Senior Engineer
1145,423993,Seshu,Kolvik,23743,32486,2958101,Technique Leader
1146,424569,Danco,Luff,23756,35733,2958101,Engineer
1147,424584,Kagan,Dredge,23774,34391,2958101,Engineer
1148,424685,Changho,Veevers,23752,35492,2958101,Senior Staff
1149,424797,Theron,Itschner,23761,31183,2958101,Senior Staff
1150,424805,Jacqueline,Zallocco,23766,32128,2958101,Senior Staff
1151,424930,Xuejun,Reeker,23761,32465,2958101,Senior Staff
1152,424984,Vasilis,Waleschkowski,23753,35211,2958101,Engineer
1153,425437,Moni,Staudhammer,23745,36242,2958101,Engineer
1154,425535,Alagu,Vieri,23760,31647,2958101,Senior Staff
1155,425540,Paddy,Zumaque,23745,35015,2958101,Senior Staff
1156,425757,Yongdong,Jiang,23760,34730,2958101,Senior Staff
1157,425780,Paris,Range,23757,32806,2958101,Senior Staff
1158,425830,Guther,Conia,23772,36204,2958101,Engineer
1159,425875,Jahangir,Kroft,23761,33035,2958101,Senior Staff
1160,426153,Shahaf,Luce,23758,36256,2958101,Senior Staff
1161,426168,Kaijung,Mateescu,23752,32099,2958101,Senior Staff
1162,426228,Supot,Badache,23759,35294,2958101,Engineer
1163,426235,Danco,Rajala,23773,33326,2958101,Senior Staff
1164,426644,Zejun,Broomell,23755,34718,2958101,Senior Engineer
1165,426706,Karsten,Kawashima,23749,34408,2958101,Senior Engineer
1166,426795,Huican,Lunn,23749,31616,2958101,Staff
1167,426818,Gaurav,Fendler,23763,33649,2958101,Staff
1168,426819,Sandeepan,Kulisch,23755,35566,2958101,Engineer
1169,426824,Gopalakrishnan,Mawatari,23767,35771,2958101,Staff
1170,426958,Weijing,Viele,23761,31323,2958101,Engineer
1171,427313,Utpal,Kemmerer,23773,31750,2958101,Senior Staff
1172,427320,Mamdouh,Ramamoorthy,23755,36538,2958101,Senior Engineer
1173,427332,Feiyu,Hemaspaandra,23762,34854,2958101,Staff
1174,427571,Torsten,Ranta,23762,34883,2958101,Senior Engineer
1175,427776,Jaques,Navazio,23767,32602,2958101,Staff
1176,427805,Haldun,Compeau,23763,35718,2958101,Senior Staff
1177,427823,Jaques,Gecsei,23760,36354,2958101,Staff
1178,427852,Adil,Kieras,23744,33805,2958101,Senior Engineer
1179,428082,Ronghao,Alpin,23751,33492,2958101,Staff
1180,428160,Jamaludin,Kalorkoti,23754,36044,2958101,Senior Staff
1181,428195,Hatsukazu,Rosca,23753,34183,2958101,Senior Staff
1182,428219,Ghassan,Androutsos,23763,32137,2958101,Senior Staff
1183,428917,Theron,Billawala,23765,32556,2958101,Assistant Engineer
1184,429087,Hugh,Senzako,23769,33892,2958101,Technique Leader
1185,429231,Kazuyasu,Schmiedel,23751,31297,2958101,Staff
1186,429238,Mona,Luck,23771,32639,2958101,Senior Staff
1187,429249,Alassane,Wolniewicz,23770,34282,2958101,Senior Engineer
1188,429316,Seshu,Hiraishi,23750,34556,2958101,Staff
1189,429381,Limsoon,Roohalamini,23748,31742,2958101,Senior Staff
1190,429481,Subhada,Emmerich,23751,35130,2958101,Engineer
1191,429520,Yongqiao,Francisci,23748,36495,2958101,Engineer
1192,429532,Bartek,Vendrig,23767,33761,2958101,Senior Staff
1193,429569,Fumiya,Chappelet,23745,33850,2958101,Assistant Engineer
1194,429703,Ung,Honglei,23748,31657,2958101,Senior Staff
1195,429899,Ranan,Marsiglia,23772,36385,2958101,Staff
1196,429954,Renny,Gladwell,23768,36218,2958101,Staff
1197,430054,Erzsebet,Setiz,23764,34130,2958101,Engineer
1198,430558,Xiong,Roisin,23749,32203,2958101,Engineer
1199,430593,Janalee,Lanzelotte,23761,35765,2958101,Senior Staff
1200,430631,Kersti,Marsiglia,23759,34384,2958101,Engineer
1201,430891,Khalil,Gien,23748,33456,2958101,Senior Engineer
1202,431576,Masamitsu,Back,23748,34071,2958101,Senior Staff
1203,431657,Visit,Thiran,23773,31730,2958101,Engineer
1204,431882,Hideo,Varman,23763,35600,2958101,Engineer
1205,431887,Poorav,Ranst,23747,35217,2958101,Senior Engineer
1206,432031,Adamantios,Matzat,23753,31837,2958101,Staff
1207,432034,Arfst,Uehara,23766,34525,2958101,Senior Staff
1208,432121,Alair,Straney,23748,31731,2958101,Senior Staff
1209,432257,Kwangjo,Hiltgen,23762,36151,2958101,Engineer
1210,432261,Arve,Bergere,23772,31986,2958101,Engineer
1211,432399,Nitsan,Nollmann,23761,34241,2958101,Engineer
1212,432523,Takahiro,Maquelin,23763,35632,2958101,Engineer
1213,432665,Flemming,Driscoll,23744,34482,2958101,Engineer
1214,432787,Toshiko,Ibel,23758,35392,2958101,Senior Engineer
1215,432956,Qunsheng,Birrer,23767,31545,2958101,Senior Staff
1216,433059,Bojan,Montresor,23744,34734,2958101,Staff
1217,433157,Tomofumi,Serna,23758,36456,2958101,Staff
1218,433260,Make,Olivero,23774,33390,2958101,Engineer
1219,433438,Keiichiro,Miyakawa,23748,34224,2958101,Senior Staff
1220,434845,Takushi,Skogmar,23753,31205,2958101,Staff
1221,434936,Sahrah,Rosis,23757,34509,2958101,Engineer
1222,435042,Brigham,Borstler,23752,34981,2958101,Staff
1223,435060,Moie,Lieblein,23758,35258,2958101,Staff
1224,435181,Kazuhide,Fiutem,23758,33734,2958101,Staff
1225,435289,Feixiong,Schurmann,23746,31823,2958101,Senior Staff
1226,435305,Berthier,Pramanik,23763,33992,2958101,Senior Staff
1227,435370,Conal,Basart,23758,33375,2958101,Senior Staff
1228,435588,Genta,Pepe,23771,34436,2958101,Senior Staff
1229,435602,Dietrich,Kranzdorf,23771,33881,2958101,Senior Staff
1230,435774,Olivera,Bharadwaj,23751,33695,2958101,Senior Staff
1231,435791,Hercules,Speer,23749,34400,2958101,Senior Engineer
1232,436558,Subir,Greibach,23750,33748,2958101,Senior Engineer
1233,436797,Ohad,Henders,23766,33180,2958101,Senior Staff
1234,436827,Wojceich,Limongiello,23772,32212,2958101,Senior Staff
1235,436915,Feixiong,Haraldson,23755,36079,2958101,Staff
1236,437276,Dines,DeMori,23759,32118,2958101,Senior Staff
1237,437369,Kazuhide,Biran,23774,34724,2958101,Senior Staff
1238,437395,Sumant,Thambidurai,23763,35301,2958101,Senior Staff
1239,437724,Erez,Luft,23759,34682,2958101,Staff
1240,437870,Kerhong,Lorho,23749,36967,2958101,Staff
1241,438038,Lena,Giaccio,23743,37167,2958101,Senior Staff
1242,438264,Rasikan,Barreiro,23761,33508,2958101,Senior Staff
1243,438557,Lidong,Swist,23772,36419,2958101,Engineer
1244,439377,Mari,Plessier,23770,35615,2958101,Senior Engineer
1245,439905,Kousuke,Levasseur,23745,32948,2958101,Senior Staff
1246,439924,Gunilla,Kisuki,23772,34560,2958101,Senior Staff
1247,440325,Douadi,Sullins,23752,36428,2958101,Senior Staff
1248,440435,Sandeepan,Rosti,23745,33568,2958101,Senior Engineer
1249,440450,Tzvetan,Scharstein,23758,34501,2958101,Staff
1250,440642,Snehasis,Kalsbeek,23756,32148,2958101,Staff
1251,440870,Filipp,Hasham,23743,35352,2958101,Staff
1252,440937,Fabrizio,Usery,23760,33890,2958101,Staff
1253,441197,Miquel,Legleitner,23760,31226,2958101,Senior Staff
1254,441536,Chinho,Collette,23752,34981,2958101,Senior Engineer
1255,441954,Leszek,Marchegay,23745,36324,2958101,Engineer
1256,441965,Claudi,Heijenga,23754,32385,2958101,Senior Staff
1257,442002,Ravishankar,Baig,23745,33680,2958101,Senior Staff
1258,442096,Martijn,DiGiano,23757,33039,2958101,Senior Engineer
1259,442312,Zengping,Cusworth,23747,33396,2958101,Engineer
1260,442490,Navid,Luke,23750,34624,2958101,Engineer
1261,442653,Mona,Hebden,23746,34992,2958101,Engineer
1262,442700,Siddarth,Masada,23748,35653,2958101,Staff
1263,442898,Aksel,Gire,23749,36338,2958101,Engineer
1264,443108,Christfried,Atrawala,23756,36128,2958101,Senior Staff
1265,443485,Marke,Klerer,23765,32977,2958101,Senior Staff
1266,443841,Shaw,Kading,23750,33801,2958101,Senior Staff
1267,443873,Vatsa,Ramsay,23762,36693,2958101,Senior Staff
1268,444070,Heping,Skrikant,23757,33204,2958101,Senior Staff
1269,444099,Kousuke,Worfolk,23770,32224,2958101,Senior Staff
1270,444208,Irena,Cesareni,23769,31350,2958101,Senior Staff
1271,444465,Prasadram,Bultermann,23755,36093,2958101,Senior Engineer
1272,444487,Udi,Rullman,23745,34433,2958101,Senior Engineer
1273,444643,Berna,Schonegge,23760,35974,2958101,Staff
1274,445067,Eldridge,Kawashima,23770,32931,2958101,Senior Engineer
1275,445152,Heping,Peac,23751,31126,2958101,Staff
1276,445226,Oscar,Baumann,23743,31799,2958101,Engineer
1277,445570,Van,Nations,23767,31635,2958101,Technique Leader
1278,445723,Gaurav,Roison,23773,33431,2958101,Staff
1279,445941,Masako,Dechter,23753,31315,2958101,Technique Leader
1280,445950,Ebru,Valtorta,23765,33947,2958101,Engineer
1281,446121,Fay,Cochrane,23753,36507,2958101,Staff
1282,446306,Hercules,Kabayashi,23764,33399,2958101,Senior Engineer
1283,446424,DAIDA,Nooteboom,23758,31375,2958101,Engineer
1284,446897,Takahiro,Dalton,23764,33877,2958101,Technique Leader
1285,446959,Aram,Passino,23771,34727,2958101,Senior Engineer
1286,447018,Dannz,Miara,23759,33942,2958101,Engineer
1287,447135,Gennady,Rouquie,23773,32744,2958101,Senior Staff
1288,447232,Aleksander,Schaaf,23764,36535,2958101,Senior Staff
1289,447376,Kirk,Zongker,23749,36504,2958101,Staff
1290,447544,Stabislas,Kakkad,23764,32558,2958101,Senior Staff
1291,447613,Paris,Restivo,23757,31737,2958101,Senior Engineer
1292,447877,Make,Heuser,23755,32326,2958101,Engineer
1293,447931,Martijn,Jeong,23753,33221,2958101,Senior Staff
1294,447966,Kamakshi,Hebert,23747,35447,2958101,Senior Engineer
1295,447982,Shiv,Baezner,23767,33224,2958101,Engineer
1296,447999,Shiv,Vilarrasa,23747,33086,2958101,Engineer
1297,448769,Mong,Dichev,23760,35714,2958101,Technique Leader
1298,448900,Mart,Talmor,23758,36291,2958101,Staff
1299,448918,Chiradeep,Arlazarov,23765,32787,2958101,Senior Engineer
1300,448994,Haldun,Syang,23754,35472,2958101,Staff
1301,449189,Jahangir,Bernatsky,23772,34972,2958101,Senior Staff
1302,449815,Fumitaka,Quittner,23769,32253,2958101,Staff
1303,449984,Hinrich,Perin,23774,31371,2958101,Engineer
1304,450184,Selwyn,Henseler,23753,34037,2958101,Senior Engineer
1305,450255,Udo,Waymire,23773,31577,2958101,Technique Leader
1306,450309,Gill,Orlowska,23750,31771,2958101,Technique Leader
1307,450475,Saeed,Bahl,23763,33267,2958101,Senior Staff
1308,450817,DAIDA,Frolund,23752,31975,2958101,Engineer
1309,450888,Sedat,Rande,23745,34783,2958101,Senior Staff
1310,450934,Chanjung,Raoux,23765,33749,2958101,Engineer
1311,450936,Yuriy,Ponthieu,23760,33583,2958101,Senior Staff
1312,451253,Jaihie,Ozeri,23757,33410,2958101,Senior Staff
1313,451272,Jacopo,Krohm,23744,33352,2958101,Engineer
1314,451275,Bedrich,Isard,23767,31570,2958101,Senior Staff
1315,451333,Radhika,Bonifati,23757,34769,2958101,Senior Staff
1316,452137,Subir,Miake,23757,36169,2958101,Engineer
1317,452206,Arra,Esposito,23764,34641,2958101,Staff
1318,452325,Taiji,Berstel,23756,35401,2958101,Senior Engineer
1319,452347,Shigeichiro,Brattka,23749,35259,2958101,Senior Staff
1320,452365,Fei,Gadepally,23747,32460,2958101,Engineer
1321,452956,Gou,Thombley,23759,33184,2958101,Senior Engineer
1322,452957,Alair,Nanard,23745,35105,2958101,Staff
1323,452982,Lobel,Aloia,23771,34697,2958101,Senior Staff
1324,453070,Aran,Rosenbaum,23748,33353,2958101,Senior Staff
1325,453154,Gao,Lally,23745,35125,2958101,Staff
1326,453644,Berni,Takkinen,23749,33763,2958101,Staff
1327,453688,Chinya,Leslie,23766,35000,2958101,Engineer
1328,453723,Arne,Kohling,23757,31394,2958101,Senior Engineer
1329,453760,Ewing,Rajala,23755,35237,2958101,Senior Staff
1330,453790,Fai,Keirsey,23753,34619,2958101,Senior Engineer
1331,453913,Stein,Perng,23765,34088,2958101,Staff
1332,454338,Mohammed,Georg,23766,36010,2958101,Engineer
1333,454378,Gina,Ossenbruggen,23748,35798,2958101,Technique Leader
1334,454736,Nechama,Ermel,23766,34855,2958101,Engineer
1335,454791,Xiaoqiu,Pietracaprina,23764,34524,2958101,Senior Engineer
1336,454825,Kamakshi,Schusler,23744,34844,2958101,Senior Engineer
1337,454994,Mohan,Picht,23743,33293,2958101,Engineer
1338,455175,Soenke,Zaumen,23756,33656,2958101,Senior Staff
1339,455284,Luisa,Baig,23751,35258,2958101,Engineer
1340,455726,Qiwen,Kriebel,23750,32124,2958101,Senior Staff
1341,455814,Giao,DuCasse,23770,33438,2958101,Engineer
1342,455914,Peer,Angelopoulos,23743,32712,2958101,Senior Engineer
1343,456767,Tetsurou,Schreiter,23766,31975,2958101,Senior Staff
1344,456982,Shounak,Dratva,23749,32513,2958101,Engineer
1345,457070,Gay,Plavsic,23767,31995,2958101,Senior Staff
1346,457146,Jinpo,Heyers,23762,36167,2958101,Staff
1347,457305,Sorina,Lakshmanan,23757,34580,2958101,Staff
1348,457337,Xumin,Beidas,23773,34816,2958101,Technique Leader
1349,457411,Xudong,Peck,23755,32251,2958101,Senior Engineer
1350,457489,Berna,Ranst,23766,31181,2958101,Senior Engineer
1351,457611,Indrajit,Krogh,23751,36056,2958101,Engineer
1352,457776,Florian,Siepmann,23757,32132,2958101,Senior Engineer
1353,457813,Foong,Gargeya,23770,33627,2958101,Senior Engineer
1354,457832,Jackson,Zielinski,23774,35685,2958101,Senior Engineer
1355,457938,Arch,Picco,23756,35725,2958101,Senior Staff
1356,458111,Florian,Tramer,23765,36471,2958101,Engineer
1357,458134,Thanasis,Standera,23753,31126,2958101,Senior Staff
1358,458191,George,Atchley,23770,35613,2958101,Staff
1359,458383,Mabhin,Foote,23748,36273,2958101,Engineer
1360,458726,Shahaf,Kitai,23755,31772,2958101,Senior Staff
1361,458790,Ramya,Azadmanesh,23759,32466,2958101,Senior Engineer
1362,459172,Val,Rissanen,23761,34293,2958101,Engineer
1363,459356,Pramod,Wendorf,23763,36154,2958101,Engineer
1364,459429,Mohit,Verhaegen,23756,33751,2958101,Senior Staff
1365,459685,Hirochika,Goldhammer,23774,35866,2958101,Engineer
1366,460131,Adly,Hambrick,23758,35636,2958101,Staff
1367,460691,Munehiko,Gihr,23758,32848,2958101,Senior Staff
1368,460707,Yoshinari,Lanteri,23749,35424,2958101,Senior Engineer
1369,460920,Remzi,Mitzlaff,23764,31508,2958101,Senior Staff
1370,461120,Shietung,Gelosh,23760,36982,2958101,Engineer
1371,461270,Mrinalini,Mawatari,23752,35067,2958101,Staff
1372,461801,Sumali,Cooman,23745,34077,2958101,Staff
1373,462493,Paloma,Gerlach,23754,32350,2958101,Engineer
1374,462795,Somnath,Cummings,23747,34525,2958101,Staff
1375,463023,Itzchak,Penn,23748,36181,2958101,Staff
1376,463099,Jinxi,Schmiedel,23757,33137,2958101,Senior Staff
1377,463212,Ramya,Rossi,23751,37136,2958101,Senior Engineer
1378,463472,Jaber,Sethi,23753,36688,2958101,Technique Leader
1379,463495,Alenka,Barriga,23770,32269,2958101,Senior Staff
1380,464284,Huiqun,Henders,23762,34108,2958101,Senior Staff
1381,464303,Abdelghani,Nyrup,23764,31626,2958101,Staff
1382,465062,Stafford,Gist,23771,32270,2958101,Senior Engineer
1383,465076,Tokuyasu,Ghelli,23761,31172,2958101,Engineer
1384,465085,Vidar,Gunderson,23760,35142,2958101,Senior Staff
1385,465409,Shahid,Varman,23772,31286,2958101,Staff
1386,465501,Mrinalini,Gire,23747,33917,2958101,Senior Staff
1387,465711,Lakshmi,Frijda,23748,32984,2958101,Senior Engineer
1388,465853,Kwan,Kampfer,23743,36084,2958101,Staff
1389,465874,Herb,Picht,23754,31198,2958101,Engineer
1390,466064,Temple,Danlos,23773,34498,2958101,Senior Staff
1391,466367,Hiroyasu,Strandh,23747,32664,2958101,Senior Staff
1392,466509,Bezalel,Verhoeff,23768,32224,2958101,Engineer
1393,466603,Yechezkel,Nourani,23765,33451,2958101,Senior Staff
1394,466745,Boalin,Birsak,23768,34988,2958101,Senior Staff
1395,467176,Przemyslawa,Borovoy,23747,34138,2958101,Staff
1396,467269,Nahum,Lambe,23760,32751,2958101,Technique Leader
1397,467392,Mariusz,Rikino,23749,34802,2958101,Engineer
1398,467441,Margareta,Bondorf,23755,32454,2958101,Senior Engineer
1399,467591,Kiyotoshi,Hennebert,23759,36956,2958101,Staff
1400,467886,Sivanarayana,Chandrasekhar,23744,35088,2958101,Senior Staff
1401,467918,Tsuneo,Skrikant,23745,35724,2958101,Staff
1402,468360,Huei,Saoudi,23754,34556,2958101,Technique Leader
1403,468417,Kamakshi,Huhdanpaa,23767,34207,2958101,Engineer
1404,468659,Ranga,Lemarechal,23760,32817,2958101,Engineer
1405,468773,Baziley,Brookner,23769,34234,2958101,Engineer
1406,469104,Nadjib,Comellas,23763,36182,2958101,Engineer
1407,469253,Baruch,Basawa,23759,34229,2958101,Engineer
1408,469269,Weiyi,Codenie,23765,32655,2958101,Engineer
1409,469366,Aiman,Wilfing,23754,33237,2958101,Engineer
1410,469399,Hongzhu,Ruemmler,23767,36683,2958101,Engineer
1411,469527,Halsur,Ibel,23766,35859,2958101,Staff
1412,469529,Neven,Rikino,23749,32437,2958101,Senior Engineer
1413,469735,Arif,Stranks,23772,33924,2958101,Senior Engineer
1414,469867,Hein,Jonsson,23765,31090,2958101,Senior Staff
1415,470456,Reuven,Oehlmann,23755,31500,2958101,Senior Staff
1416,470472,Zhiguo,Staudhammer,23774,31384,2958101,Engineer
1417,471397,Nigel,Zirintsis,23774,36364,2958101,Engineer
1418,471532,Feiyu,Decleir,23759,36051,2958101,Technique Leader
1419,471552,Basem,Lortz,23764,35728,2958101,Staff
1420,471911,Arun,Zaccaria,23756,33024,2958101,Engineer
1421,471939,Kazuhiko,Marshall,23769,37046,2958101,Staff
1422,472052,Godehard,Chinal,23768,35042,2958101,Assistant Engineer
1423,472143,Yahiko,Sommen,23767,35291,2958101,Senior Staff
1424,472238,Jungsoon,Gubsky,23773,33155,2958101,Senior Engineer
1425,472790,Zhenbing,Ibel,23765,31349,2958101,Senior Engineer
1426,472950,Weidon,Fordan,23771,31498,2958101,Senior Engineer
1427,473268,Hugo,Sgarro,23743,33718,2958101,Senior Staff
1428,473299,Khaled,Penn,23754,33743,2958101,Staff
1429,473490,Pantung,Reeker,23748,33735,2958101,Senior Staff
1430,473940,Avishai,Majewski,23758,35805,2958101,Engineer
1431,474331,Sugwoo,Eugenio,23771,34395,2958101,Senior Staff
1432,474763,Mayuko,Clouatre,23749,35677,2958101,Engineer
1433,474796,Zongyan,Shackel,23752,32006,2958101,Technique Leader
1434,475087,Genevieve,Snedden,23773,32437,2958101,Senior Engineer
1435,475258,Fumiyo,Feinberg,23752,36568,2958101,Senior Staff
1436,475538,Christophe,Leaver,23757,36099,2958101,Staff
1437,475938,Shigeaki,Lanteri,23756,32556,2958101,Senior Engineer
1438,475965,Rimon,Pietracaprina,23744,31238,2958101,Engineer
1439,476055,Girolamo,Schlumberger,23745,34035,2958101,Staff
1440,476122,Khun,Spieker,23746,34826,2958101,Engineer
1441,476327,Reinhold,Binkley,23773,34848,2958101,Engineer
1442,476361,Doohun,Preusig,23751,34087,2958101,Technique Leader
1443,477350,Terresa,Vigier,23743,35984,2958101,Staff
1444,477578,Marit,Paludetto,23765,33146,2958101,Senior Engineer
1445,477969,Bluma,Mundy,23760,33529,2958101,Senior Engineer
1446,478007,Fumino,Narahara,23748,33502,2958101,Engineer
1447,478170,Doowon,Schoegge,23764,34802,2958101,Assistant Engineer
1448,478218,Djenana,Erol,23744,36497,2958101,Engineer
1449,478439,Yuichiro,Bale,23757,35738,2958101,Technique Leader
1450,478768,Arun,Katzenelson,23745,33539,2958101,Senior Engineer
1451,478799,Shaw,Borovoy,23760,33369,2958101,Senior Staff
1452,478833,Pradeep,Valiente,23772,33866,2958101,Senior Engineer
1453,478858,Hidekazu,Perna,23762,36472,2958101,Staff
1454,479024,Ewing,Kalorkoti,23745,35420,2958101,Engineer
1455,479407,Randi,Tomescu,23760,31741,2958101,Assistant Engineer
1456,479601,Kayoko,Bahi,23761,35480,2958101,Staff
1457,479695,Masamitsu,Murrill,23748,36334,2958101,Staff
1458,480035,Sukumar,Georg,23768,33111,2958101,Senior Staff
1459,480066,Suebskul,Menhardt,23773,34541,2958101,Engineer
1460,480178,Uinam,Rahier,23745,33279,2958101,Senior Staff
1461,480268,Gaurav,Cheshire,23760,32597,2958101,Technique Leader
1462,480407,Deniz,Bennis,23743,32683,2958101,Engineer
1463,481050,Weiru,Burnard,23758,33161,2958101,Staff
1464,481213,Shigehiro,Haldar,23750,33586,2958101,Staff
1465,481397,Luisa,Chelton,23773,36020,2958101,Assistant Engineer
1466,481764,Teiji,Marrakchi,23769,31650,2958101,Senior Engineer
1467,481790,Haldun,Erie,23764,36161,2958101,Senior Engineer
1468,482335,Kwangyoen,Peck,23768,34350,2958101,Engineer
1469,482354,Jayson,Zockler,23765,36470,2958101,Staff
1470,482755,Jouni,Conia,23745,34638,2958101,Staff
1471,482885,Shaunak,Brizzi,23771,32388,2958101,Engineer
1472,482905,Aral,Hebden,23758,33491,2958101,Senior Staff
1473,482944,Duke,Journel,23768,33537,2958101,Senior Staff
1474,483401,Rosita,Pokrovskii,23752,35280,2958101,Senior Staff
1475,483675,Hausi,Kamber,23764,32189,2958101,Senior Engineer
1476,483825,Marek,Mitchem,23764,33928,2958101,Senior Engineer
1477,483838,Sham,Kavanagh,23745,35782,2958101,Assistant Engineer
1478,483978,Dung,Tanemo,23766,32901,2958101,Senior Staff
1479,484126,Manton,Lueh,23747,32605,2958101,Senior Staff
1480,484142,Perry,Cooman,23747,31890,2958101,Staff
1481,484498,Herbert,Hammerschmidt,23768,35299,2958101,Engineer
1482,484756,Phule,Ruemmler,23758,33094,2958101,Senior Engineer
1483,485253,Gladys,Parhami,23756,35266,2958101,Senior Staff
1484,485489,Keiichiro,Armand,23743,31760,2958101,Engineer
1485,485577,Rafael,Menhoudj,23772,35547,2958101,Senior Engineer
1486,485579,Munehiro,Iwayama,23760,31762,2958101,Engineer
1487,485799,Yoshimitsu,Litvinov,23769,35756,2958101,Senior Staff
1488,485817,Mahmut,Bolotov,23771,35482,2958101,Engineer
1489,486068,Yefim,Bernardeschi,23753,35242,2958101,Staff
1490,486808,Geoffrey,Siochi,23747,36156,2958101,Senior Engineer
1491,486918,Yagil,Remmers,23760,34639,2958101,Senior Staff
1492,486956,Matt,Ruemmler,23743,34256,2958101,Engineer
1493,486958,Tonny,Kropf,23748,31623,2958101,Senior Engineer
1494,487008,Zhigen,Raney,23764,34115,2958101,Senior Staff
1495,487505,Uno,Jayawardene,23762,32083,2958101,Staff
1496,487988,Ekawit,Schaft,23747,33013,2958101,Staff
1497,488095,Francoise,Hegner,23766,35787,2958101,Senior Staff
1498,488142,Denis,Narlikar,23747,33420,2958101,Staff
1499,488482,Kensyu,Tsunoo,23772,36499,2958101,Engineer
1500,488540,Breannda,Maquelin,23764,35167,2958101,Senior Staff
1501,488619,Georgy,Bennis,23767,35896,2958101,Engineer
1502,488693,Jiong,Zultner,23769,34038,2958101,Senior Engineer
1503,488707,Mihalis,Remmers,23758,32933,2958101,Senior Staff
1504,488752,Nimmagadda,Baja,23765,34374,2958101,Senior Staff
1505,488788,Wuxu,Garigliano,23754,33137,2958101,Senior Staff
1506,488984,Kendra,Junet,23760,33920,2958101,Staff
1507,489755,Matk,Chorvat,23756,36498,2958101,Senior Staff
1508,489756,Kersti,Miculan,23743,33764,2958101,Senior Staff
1509,489928,Satoru,Janetzko,23770,35637,2958101,Assistant Engineer
1510,490551,Lalit,Lindqvist,23743,36106,2958101,Engineer
1511,490557,Luise,Vigier,23769,34516,2958101,Senior Engineer
1512,490568,Zita,Reistad,23743,35999,2958101,Senior Engineer
1513,490720,Younwoo,Samarati,23761,37394,2958101,Senior Engineer
1514,491079,Kwangsub,Keirsey,23748,33638,2958101,Senior Engineer
1515,491162,Panayotis,Hempstead,23756,34575,2958101,Senior Engineer
1516,491478,Gill,Varman,23758,32312,2958101,Senior Staff
1517,491596,Charmane,Pargas,23763,33819,2958101,Engineer
1518,491632,Gadiel,Perly,23743,31705,2958101,Senior Staff
1519,492000,Valeska,Cools,23752,34319,2958101,Senior Staff
1520,492052,Udo,Ratnakar,23753,36494,2958101,Staff
1521,492217,Heekeun,Verhaegen,23758,33509,2958101,Senior Engineer
1522,492639,Sanjoy,Porenta,23772,35621,2958101,Engineer
1523,492677,Goetz,McAffer,23768,32178,2958101,Engineer
1524,493031,Hironoby,Jakobus,23765,33449,2958101,Senior Staff
1525,493048,Muzhong,Berztiss,23773,34722,2958101,Senior Staff
1526,493096,Sachem,Msuda,23773,34796,2958101,Engineer
1527,493744,Leni,Kropatsch,23756,35628,2958101,Senior Engineer
1528,494019,Morrie,Iisaku,23758,33364,2958101,Senior Staff
1529,494088,Phule,Dahlbom,23752,32545,2958101,Engineer
1530,494493,Masasuke,Koprowski,23752,35389,2958101,Staff
1531,494995,Yongmao,Pouyioutas,23746,32744,2958101,Senior Staff
1532,496100,Pranjal,Reinhard,23749,34827,2958101,Staff
1533,496970,Giordano,Maquelin,23745,36525,2958101,Senior Engineer
1534,496978,Danco,Debuse,23772,34222,2958101,Senior Staff
1535,497007,Oldrich,Adachi,23765,36016,2958101,Engineer
1536,497174,Sanjiv,Bressoud,23744,34086,2958101,Senior Engineer
1537,497340,Fayez,Keohane,23748,33135,2958101,Senior Staff
1538,497391,Paris,Lieblein,23772,36299,2958101,Engineer
1539,497835,Shuho,Laurillard,23771,36439,2958101,Technique Leader
1540,498185,Caolyn,Marciano,23761,36317,2958101,Senior Engineer
1541,498337,Naraig,Docker,23772,35567,2958101,Staff
1542,498456,Geraldo,Gerteisen,23759,31933,2958101,Staff
1543,498635,Florian,Pezzoli,23751,32346,2958101,Staff
1544,498838,Sanjay,Ciolek,23758,32855,2958101,Senior Staff
1545,498845,Arumugam,Pelc,23751,36477,2958101,Senior Engineer
1546,498955,Nechama,Kandlur,23755,34715,2958101,Engineer
1547,499194,Padma,Delgrange,23771,36399,2958101,Senior Staff
1548,499260,Danae,Honglei,23753,36052,2958101,Engineer
1549,499495,Baoqiu,Kakkar,23756,36402,2958101,Engineer
